Name;Email;Language
Alex;alex@bk.ru;C++
Sophia;sophia@mail.ru;Java
Jacob;jacob@mail.ru;C
Mason;mason@bk.ru;C#
William;william@mail.ru;Python
Jayden;jayden@mail.ru;C++
Noah;noah@mail.ru;Java
Michael;michael@mail.ru;PHP
Ethan;Ethan@mail.ru;C
Alexander;Alexander@mail.ru;C#
Mia;Mia@bk.ru;Python
Madison;Madison@mail.ru;Java
Isabella;Isabella@mail.ru;PHP
Aiden;Aiden@mail.ru;C#
Daniel;Daniel@mail.ru;PHP
Chloe;Chloe@mail.ru;PHP
Emily;Emily@mail.ru;C++
Olivia;Olivia@mail.ru;Java
Emma;Emma@bk.ru;Python
Elizabeth;Elizabeth@mail.ru;C++
Anthony;Anthony@mail.ru;Java
Ella;Ella@mail.ru;C#
Matthew;Matthew@mail.ru;Java
Addison;Addison@mail.ru;Java
Elijah;Elijah@mail.ru;PHP
Natalie;Natalie@mail.ru;C++
Joshua;Joshua@mail.ru;Java
Lily;Lily@bk.ru;Python
Liam;Liam@bk.ru;Java
Grace;Grace@mail.ru;Python
Andrew;Andrew@mail.ru;C#
Samantha;Samantha@mail.ru;C++
James;James@mail.ru;Java
Avery;Avery@mail.ru;PHP
David;David@mail.ru;JS
Sofia;Sofia@mail.ru;C#
Benjamin;Benjamin@mail.ru;Python
Aubrey;Aubrey@bk.ru;PHP
Logan;Logan@mail.ru;C#
Brooklyn;Brooklyn@mail.ru;C
ChristopherChristopher;@mail.ru;C++
Lillian;Lillian@mail.ru;PHP
Joseph;Joseph@mail.ru;Java
Victoria;Victoria@mail.ru;C#
Jackson;Jackson@mail.ru;Pascal
Evelyn;Evelyn@mail.ru;Java
Gabriel;Gabriel@mail.ru;C++
Hannah;Hannah@mail.ru;C#
Ryan;Ryan@mail.ru;C
Alexis;Alexis@bk.ru;Python
Samuel;Samuel@mail.ru;C
Charlotte;Charlotte@mail.ru;Java
John;John@mail.ru;C#
Zoey;Zoey@mail.ru;Python
Nathan;Nathan@mail.ru;C++
Leah;Leah@mail.ru;PHP
Lucas;Lucas@mail.ru;C
Amelia;Amelia@mail.ru;Java
Christian;Christian@mail.ru;JS
Zoe;Zoe@mail.ru;Python
Jonathan;Jonathan@mail.ru;C++
Hailey;Hailey@mail.ru;C#
Caleb;Caleb@mail.ru;Java
Layla;Layla@mail.ru;PHP
Dylan;Dylan@mail.ru;Pascal
Gabriella;Gabriella@mail.ru;C#
Landon;Landon@mail.ru;C++
Nevaeh;Nevaeh@mail.ru;Pascal
Isaac;Isaac@mail.ru;C++
Kaylee;Kaylee@bk.ru;JS
Gavin;Gavin@bk.ru;PHP
Alyssa;Alyssa@bk.ru;C++
Brayden;Brayden@bk.ru;Java
Anna;Anna@mail.ru;Swift
Tyler;Tyler@mail.ru;C++
Sarah;Sarah@mail.ru;C#
Luke;Luke@mail.ru;Java
Allison;Allison@mail.ru;JS
Evan;Evan@mail.ru;Pascal
Savannah;Savannah@mail.ru;JS
Carter;Carter@mail.ru;C
Ashley;Ashley@mail.ru;C++
Nicholas;Nicholas@mail.ru;Java
Audrey;Audrey@mail.ru;PHP
Isaiah;Isaiah@mail.ru;JS
Taylor;Taylor@mail.ru;Pascal
Owen;Owen@mail.ru;Pascal
Brianna;Brianna@mail.ru;C#
Jack;Jack@mail.ru;C
Aaliyah;Aaliyah@mail.ru;C++
Jordan;Jordan@mail.ru;Python
Riley;Riley@mail.ru;Java
Brandon;Brandon@mail.ru;JS
Camila;Camila@mail.ru;C++
Wyatt;Wyatt@mail.ru;Python
Khloe;Khloe@mail.ru;Pascal
Julian;Julian@mail.ru;C#
Claire;Claire@mail.ru;Python
Aaron;Aaron@mail.ru;Java
Jeremiah;Jeremiah@mail.ru;PHP
Arianna;Arianna@mail.ru;C++
Angel;Angel@mail.ru;C
Peyton;Peyton@mail.ru;Python
Cameron;Cameron@mail.ru;JS
Harper;Harper@mail.ru;Python
Connor;Connor@mail.ru;C++
Alexa;Alexa@mail.ru;C#
Hunter;Hunter@mail.ru;Python
Makayla;Makayla@mail.ru;Pascal
Adrian;Adrian@mail.ru;Java
Julia;Julia@mail.ru;JS
Henry;Henry@mail.ru;Python
Kylie;Kylie@mail.ru;C
Eli;Eli@mail.ru;C#
Kayla;Kayla@mail.ru;Python
Justin;Justin@mail.ru;Java
Bella;Bella@mail.ru;JS
Austin;Austin@mail.ru;C++
Katherine;Katherine@mail.ru;Python
Robert;Robert@mail.ru;Java
Lauren;Lauren@mail.ru;JS
Charles;Charles@bk.ru;Java
Gianna;Gianna@mail.ru;C++
Thomas;Thomas@mail.ru;PHP
Maya;Maya@mail.ru;JS
Zachary;Zachary@mail.ru;Java
Sydney;Sydney@mail.ru;Pascal
Jose;Jose@mail.ru;C#
Serenity;Serenity@mail.ru;PHP
Kimberly;Kimberly@mail.ru;C++
Kevin;Kevin@mail.ru;C
Mackenzie;Mackenzie@mail.ru;JS
Sebastian;Sebastian@mail.ru;Python	
Autumn;Autumn@mail.ru;Pascal
Chase;Chase@mail.ru;Java
Jocelyn;Jocelyn@mail.ru;C#
Ayden;Ayden@mail.ru;C
Faith;Faith@mail.ru;Java
Jason;Jason@mail.ru;C++
Lucy;Lucy@mail.ru;Python
Ian;Ian@mail.ru;JS
Stella;Stella@mail.ru;Java
Blake;Blake@mail.ru;C#
Jasmine;Jasmine@mail.ru;PHP
Colton;Colton@mail.ru;JS
Morgan;Morgan@mail.ru;C++
Bentley;Bentley@mail.ru;PHP
Alexandra;Alexandra@mail.ru;C++
Dominic;Dominic@mail.ru;Java
Trinity;Trinity@mail.ru;C#
Xavier;Xavier@mail.ru;C++
Molly;Molly@mail.ru;JS
Oliver;Oliver@mail.ru;PHP
Madelyn;Madelyn@mail.ru;C#
Parker;Parker@mail.ru;Pascal
Scarlett;Scarlett@mail.ru;C++
Josiah;Josiah@mail.ru;Python
Andrea;Andrea@mail.ru;JS
Adam;Adam@mail.ru;C
Genesis;Genesis@mail.ru;Pascal
Cooper;Cooper@mail.ru;PHP
Eva;Eva@mail.ru;Pascal
Brody;Brody@mail.ru;JS
Ariana;Ariana@mail.ru;Java
Nathaniel;Nathaniel@mail.ru;C#
Madeline;Madeline@mail.ru;C++
Carson;Carson@mail.ru;PHP
Brooke;Brooke@mail.ru;JS
Jaxon;Jaxon@mail.ru;Java
Caroline;Caroline@mail.ru;C++
Tristan;Tristan@mail.ru;PHP
Bailey;Bailey@mail.ru;Pascal
Luis;Luis@mail.ru;Python
Melanie;Melanie@mail.ru;Java
Juan;Juan@mail.ru;C
Kennedy;Kennedy@mail.ru;PHP
Hayden;Hayden@mail.ru;C++
Destiny;Destiny@mail.ru;Java
Carlos;Carlos@mail.ru;JS
Maria;Maria@mail.ru;C
Jesus;Jesus@mail.ru;PHP
Naomi;Naomi@mail.ru;Java
Nolan;Nolan@mail.ru;C#
London;London@mail.ru;Java
Cole;Cole@mail.ru;PHP
Payton;Payton@mail.ru;Python
Lydia;Lydia@mail.ru;Pascal
Max;Max@mail.ru;C++
Ellie;Ellie@mail.ru;C#
Grayson;Grayson@mail.ru;JS
Mariah;Mariah@mail.ru;Java
Bryson;Bryson@mail.ru;PHP
Aubree;Aubree@mail.ru;C
Diego;Diego@mail.ru;Pascal
Kaitlyn;Kaitlyn@mail.ru;PHP
Jaden;Jaden@mail.ru;C
Violet;Violet@mail.ru;C++
Vincent;Vincent@mail.ru;JS
Rylee;Rylee@mail.ru;C++
Easton;Easton@mail.ru;Python
Lilly;Lilly@mail.ru;JS
Angelina;Angelina@mail.ru;Java
Micah;Micah@mail.ru;C++
Katelyn;Katelyn@mail.ru;Pascal
Kayden;Kayden@mail.ru;Java
Mya;Mya@mail.ru;JS
Jace;Jace@mail.ru;C
Paige;Paige@mail.ru;Pascal
Aidan;Aidan@mail.ru;C++
Natalia;Natalia@mail.ru;JS
Ryder;Ryder@mail.ru;Java
Ruby;Ruby@mail.ru;JS
Ashton;Ashton@mail.ru;C++
Piper;Piper@mail.ru;C#
Bryan;Bryan@mail.ru;PHP
Annabelle;Annabelle@mail.ru;C
Riley;Riley@mail.ru;C++
Mary;Mary@mail.ru;Java
Hudson;Hudson@mail.ru;JS
Jade;Jade@mail.ru;Python
Asher;Asher@mail.ru;Java
Isabelle;Isabelle@mail.ru;C#
Bryce;Bryce@mail.ru;C++
Liliana;Liliana@mail.ru;JS
Miles;Miles@mail.ru;Pascal
Nicole;Nicole@mail.ru;C++
Kaleb;Kaleb@mail.ru;C#
Rachel;Rachel@mail.ru;PHP
Giovanni;Giovanni@mail.ru;Python
Vanessa;Vanessa@mail.ru;JS
Antonio;Antonio@mail.ru;Pascal
Gabrielle;Gabrielle@mail.ru;C
Kaden;Kaden@mail.ru;Java
Jessica;Jessica@mail.ru;PHP
Colin;Colin@mail.ru;C++
Jordyn;Jordyn@mail.ru;Pascal
Kyle;Kyle@mail.ru;C#
Reagan;Reagan@mail.ru;JS
Brian;Brian@mail.ru;C++
Kendall;Kendall@mail.ru;C
Timothy;Timothy@mail.ru;Python
Sadie;Sadie@mail.ru;Java
Steven;Steven@mail.ru;PHP
Valeria;Valeria@mail.ru;C++
Sean;Sean@mail.ru;PHP
Brielle;Brielle@mail.ru;C
Miguel;Miguel@mail.ru;C#
Lyla;Lyla@mail.ru;PHP
Richard;Richard@mail.ru;Java
Isabel;Isabel@mail.ru;Pascal
Ivan;Ivan@mail.ru;C
Brooklynn;Brooklynn@mail.ru;JS
Jake;Jake@mail.ru;PHP
Reese;Reese@mail.ru;C++
Alejandro;Alejandro@mail.ru;Java
Sara;Sara@mail.ru;C#
Santiago;Santiago@mail.ru;Python
Adriana;Adriana@mail.ru;C
Axel;Axel@mail.ru;C#
Aliyah;Aliyah@mail.ru;PHP@mail.ru;Java
Joel;Joel@mail.ru;JS
Jennifer;Jennifer@mail.ru;C++
Maxwell;Maxwell@mail.ru;JS
Mckenzie;Mckenzie@mail.ru;PHP
Brady;Brady@mail.ru;Pascal
Gracie;Gracie@mail.ru;C++
Caden;Caden@mail.ru;Java
Nora;Nora@mail.ru;C#
Preston;Preston@mail.ru;PHP
Kylee;Kylee@mail.ru;Pythom
Damian;Damian@mail.ru;C++
Makenzie;Makenzie@mail.ru;Java
Elias;Elias@mail.ru;JS
Izabella;Izabella@mail.ru;C#
Jaxson;Jaxson@mail.ru;Pascal
Laila;Laila@mail.ru;C++
Jesse;Jesse@mail.ru;JS
Alice;Alice@mail.ru;PHP
Victor;Victor@mail.ru;Java
Amy;Amy@mail.ru;C
Patrick;Patrick@mail.ru;C++
Michelle;Michelle@mail.ru;PHP
Jonah;Jonah@mail.ru;JS
Skylar;Skylar@mail.ru;C#
Marcus;Marcus@mail.ru;PHP
Stephanie;Stephanie@mail.ru;C#
Rylan;Rylan@mail.ru;Java
Juliana;Juliana@mail.ru;Python
Emmanuel;Emmanuel@mail.ru;C
Rebecca;Rebecca@mail.ru;C++
Edward;Edward@mail.ru;Java
Jayla;Jayla@mail.ru;PHP
Leonardo;Leonardo@mail.ru;C#
Eleanor;Eleanor@mail.ru;JS
Cayden;Cayden@mail.ru;Pascal
Clara;Clara@mail.ru;C++
Grant;Grant@mail.ru;C#
Giselle;Giselle@mail.ru;Python
Jeremy;Jeremy@mail.ru;C
Valentina;Valentina@mail.ru;Java
Braxton;Braxton@mail.ru;C++
Vivian;Vivian@mail.ru;PHP
Gage;Gage@mail.ru;JS
Alaina;Alaina@mail.ru;Java
Jude;Jude@mail.ru;C
Eliana;Eliana@mail.ru;Pascal
Wesley;Wesley@mail.ru;PHP
Aria;Aria@mail.ru;C#
Devin;Devin@mail.ru;C#
Valerie;Valerie@mail.ru;PHP
Roman;Roman@mail.ru;JS
Haley;Haley@mail.ru;C
Mark;Mark@mail.ru;C++
Elena;Elena@mail.ru;Pascal
Camden;Camden@mail.ru;Java
Catherine;Catherine@mail.ru;C#
Kaiden;Kaiden@mail.ru;PHP
Elise;Elise@mail.ru;Python
Oscar;Oscar@mail.ru;JS
Lila;Lila@mail.ru;C++
Alan;Alan@mail.ru;PHP
Megan;Megan@mail.ru;C#
Malachi;Malachi@mail.ru;Java
Gabriela;Gabriela@mail.ru;Python
George;George@mail.ru;JS
Daisy;Daisy@mail.ru;C++
Peyton;Peyton@mail.ru;C#
Jada;Jada@mail.ru;Pascal
Leo;Leo@mail.ru;PHP
Daniela;Daniela@mail.ru;C#
Nicolas;Nicolas@mail.ru;Pascal
Penelope;Penelope@mail.ru;JS
Maddox;Maddox@mail.ru;Java
Jenna;Jenna@mail.ru;Kotlin
Kenneth;Kenneth@mail.ru;Java
Ashlyn;Ashlynv@mail.ru;PHP
Mateo;Mateo@mail.ru;Pascal
Delilah;Delilah@mail.ru;Kotlin
Sawyer;Sawyer@mail.ru;C++
Summer;Summer@mail.ru;JS
Collin;Collin@mail.ru;Kotlin
Mila;Mila@mail.ru;C#
Conner;Conner@mail.ru;PHP
Kate;Kate@mail.ru;Python
Cody;Cody@mail.ru;C++
Keira;Keira@mail.ru;Kotlin
Andres;Andres@mail.ru;Java
Adrianna;Adrianna@mail.ru;Pascal
Declan;Declan@mail.ru;C++
Hadley;Hadley@mail.ru;PHP
Lincoln;Lincoln@mail.ru;C
Julianna;Julianna@mail.ru;Pascal
Bradley;Bradley@mail.ru;PHP
Maci;Maci@mail.ru;Kotlin
Trevor;Trevor@mail.ru;C#
Eden;Eden@mail.ru;C++
Derek;Derek@mail.ru;Java
Josephine;Josephine@mail.ru;JS
Tanner;Tanner@mail.ru;C
Aurora;Aurora@mail.ru;PHP
Silas;Silas@mail.ru;Kotlin
Melissa;Melissa@mail.ru;C++
Eduardo;Eduardo@mail.ru;JS
Hayden;Hayden@mail.ru;C
Seth;Seth@mail.ru;C++
Alana;Alana@mail.ru;JS
Jaiden;Jaiden@mail.ru;C
Margaret;Margaret@mail.ru;C
Paul;Paul@mail.ru;C++
Quinn;Quinn@mail.ru;PHP
Jorge;Jorge@mail.ru;Java
Angela;Angela@mail.ru;C
Cristian;Cristian@mail.ru;C#
Brynn;Brynn@mail.ru;C++
Garrett;Garrett@mail.ru;PHP
Alivia;Alivia@mail.ru;C++
Travis;Travis@mail.ru;PHP
Katie;Katie@mail.ru;C#
Abraham;Abraham@mail.ru;Java
Ryleigh;Ryleigh@mail.ru;JS
Omar;Omar@mail.ru;C
Kinley;Kinley@mail.ru;Pascal
Javier;Javier@mail.ru;C++
Paisley;Paisley@mail.ru;Kotlin
Ezekiel;Ezekiel@mail.ru;JS
Jordan;Jordan@mail.ru;C
Tucker;Tucker@mail.ru;C#
Aniyah;Aniyah@mail.ru;Python
Harrison;Harrison@mail.ru;C++
Allie;Allie@mail.ru;PHP
Peter;Peter@mail.ru;Kotlin
Miranda;Miranda@mail.ru;C#
Damien;Damien@mail.ru;JS
Jacqueline;Jacqueline@mail.ru;PHP
Greyson;Greyson@mail.ru;Pascal
Melody;Melody@mail.ru;C
Avery;Avery@mail.ru;PHP
Willow;Willow@mail.ru;Kotlin
Kai;Kai@mail.ru;Java
Diana;Diana@mail.ru;C
Weston;Weston@mail.ru;C#
Cora;Cora@mail.ru;PHP
Ezra;Ezra@mail.ru;Pascal
Alexandria;Alexandria@mail.ru;C++
Xander;Xander@mail.ru;JS
Mikayla;Mikayla@mail.ru;PHP
Jaylen;Jaylen@mail.ru;Pascal
Danielle;Danielle@mail.ru;Java
Corbin;Corbin@mail.ru;C#
Londyn;Londyn@mail.ru;C
Fernando;Fernando@mail.ru;C++
Addyson;Addyson@mail.ru;Pascal
Calvin;Calvin@mail.ru;JS
Amaya;Amaya@mail.ru;Kotlin
Jameson;Jameson@mail.ru;Java
Hazel;Hazel@mail.ru;C++
Francisco;Francisco@mail.ru;C#
Callie;Callie@mail.ru;Pascal
Maximus;Maximus@mail.ru;C++
Teagan;Teagan@mail.ru;Java
Josue;Josue@mail.ru;Python
Adalyn;Adalyn@mail.ru;Python
Ricardo;Ricardo@mail.ru;C++
Shane;Shane@mail.ru;JS
Angel;Angel@mail.ru;Kotlin
Trenton;Trenton@mail.ru;C#
Kinsley;Kinsley@mail.ru;Pascal
Cesar;Cesar@mail.ru;C++
Shelby;Shelby@mail.ru;C
Chance;Chance@mail.ru;Python
Makenna;Makenna@mail.ru;Java
Drake;Drake@mail.ru;C#
Ariel;Ariel@mail.ru;JS
Zane;Zane@mail.ru;Pascal
Jillian;Jillian@mail.ru;C#
Israel;Israel@mail.ru;PHP
Chelsea;Chelsea@mail.ru;C++
Emmett;Emmett@mail.ru;Java
Alayna;Alayna@mail.ru;Kotlin
Jayce;Jayce@mail.ru;C
Harmony;Harmony@mail.ru;C++
Mario;Mario@mail.ru;PHP
Sienna;Sienna@mail.ru;Python
Landen;Landen@mail.ru;Kotlin
Amanda;Amanda@mail.ru;JS
Kingston;Kingston@mail.ru;Java
Presley;Presley@mail.ru;PHP
Spencer;Spencer@mail.ru;C++
Maggie;Maggie@mail.ru;Pascal
Griffin;Griffin@mail.ru;PHP
Tessa;Tessa@mail.ru;C#
Stephen;Stephen@mail.ru;C
Leila;Leila@mail.ru;Pascal
Manuel;Manuel@mail.ru;Kotlin
Hope;Hope@mail.ru;Java
Theodore;Theodore@mail.ru;Python
Genevieve;Genevieve@mail.ru;C
Erick;Erick@mail.ru;C#
Erin;Erin@mail.ru;Pascal
Braylon;Braylon@mail.ru;JS
Briana;Briana@mail.ru;C++
Raymond;Raymond@mail.ru;Kotlin
Delaney;Delaney@mail.ru;C#
Edwin;Edwin@mail.ru;PHP@mail.ru;C
Esther;Esther@mail.ru;PHP
Charlie;Charlie@mail.ru;Pascal
Kathryn;Kathryn@mail.ru;PHP
Abel;Abel@mail.ru;C++
Ana;Ana@mail.ru;C
Myles;Myles@mail.ru;Java
Mckenna;Mckenna@mail.ru;C++
Bennett;Bennett@mail.ru;Pascal
Camille;Camille@mail.ru;Kotlin
Johnathan;Johnathan@mail.ru;JS
Cecilia;Cecilia@mail.ru;JS
Andre;Andre@mail.ru;JS
Lucia;Lucia@mail.ru;C++
Alexis;Alexis@mail.ru;Pascal
Lola;Lola@mail.ru;C
Edgar;Edgar@mail.ru;C#
Leilani;Leilani@mail.ru;C++
Troy;Troy@mail.ru;Java@mail.ru;Java
Leslie;Leslie@mail.ru;C++
Zion;Zion@mail.ru;C#
Ashlynn;Ashlynn@mail.ru;Kotlin
Jeffrey;Jeffrey@mail.ru;Kotlin
Kayleigh;Kayleigh@mail.ru;Python
Hector;Hector@mail.ru;C
Alondra;Alondra@mail.ru;Python
Shawn;Shawn@mail.ru;Kotlin
Alison;Alison@mail.ru;C#
Lukas;Lukas@mail.ru;C#
Haylee;Haylee@mail.ru;C
Amir;Amir@mail.ru;Pascal
Carly;Carly@mail.ru;PHP
Tyson;Tyson@mail.ru;PHP
Juliet;Juliet@mail.ru;C++
Keegan;Keegan@mail.ru;Kotlin
Lexi;Lexi@mail.ru;Java
Kyler;Kyler@mail.ru;Java
Kelsey;Kelsey@mail.ru;C++
Donovan;Donova@mail.ru;C
Eliza;Eliza@mail.ru;C++
Graham;Graham@mail.ru;Pascal
Josie;Josie@mail.ru;PHP
Simon;Simon@mail.ru;C#
Marissa;Marissa@mail.ru;Kotlin
Everett;Everett@mail.ru;C#
Marley;Marley@mail.ru;JS
Clayton;Clayton@mail.ru;C++
Alicia;Alicia@mail.ru;Pascal
Braden;Braden@mail.ru;C
Amber;Amber@mail.ru;C#
Luca;Luca@mail.ru;C++
Sabrina;Sabrina@mail.ru;PHP
Emanuel;Emanuel@mail.ru;Python
Kaydence;Kaydence@mail.ru;Python
Martin;Martin@mail.ru;Kotlin
Norah;Norah@mail.ru;C#
Brendan;Brendan@mail.ru;C
Allyson;Allyson@mail.ru;C++
Cash;Cash@mail.ru;Java
Alina;Alina@mail.ru;PHP
Zander;Zander@mail.ru;Pascal
Ivy;Ivy@mail.ru;PHP
Jared;Jared@mail.ru;Kotkin
Fiona;Fiona@mail.ru;Python
Ryker;Ryker@mail.ru;C
Isla;Isla@mail.ru;PHP
Dante;Dante@mail.ru;PHP
Nadia;Nadia@mail.ru;C++
Dominick;Dominick@mail.ru;C
Kyleigh;Kyleigh@mail.ru;Java
Lane;Lane@mail.ru;C
Christina;Christina@mail.ru;C++
Kameron;Kameron@mail.ru;Pascal
Emery;Emery@mail.ru;C#
Elliot;Elliot@mail.ru;Kotlin
Laura;Laura@mail.ru;C#
Paxton;Paxton@mail.ru;Java
Cheyenne;Cheyenne@mail.ru;PHP
Rafael;Rafael@mail.ru;Pascal
Alexia;Alexia@mail.ru;JS
Andy;Andy@mail.ru;Python@mail.ru;Kotlin
Emerson;Emerson@mail.ru;C++
Dalton;Dalton@mail.ru;PHP
Sierra;Sierra@mail.ru;Pascal
Erik;Erik@mail.ru;Java
Luna;Luna@mail.ru;JS
Sergio;Sergio@mail.ru;JS
Cadence;Cadence@mail.ru;C++
Gregory;Gregory@mail.ru;C#
Daniella;Daniella@mail.ru;Python
Marco;Marco@mail.ru;PHP
Fatima;Fatima@mail.ru;C
Emiliano;Emiliano@mail.ru;C++
Bianca;Bianca@mail.ru;C#
Jasper;Jasper@mail.ru;JS
Cassidy;Cassidy@mail.ru;Java
Johnny;Johnny@mail.ru;C#
Veronica;Veronica@mail.ru;PHP
Dean;Dean@mail.ru;Kotlin
Kyla;Kyla@mail.ru;Kotlin
Drew;Drew@mail.ru;C++
Evangeline;Evangeline@mail.ru;C
Caiden;Caiden@mail.ru;Java
Karen;Karen@mail.ru;C++
Skyler;Skyler@mail.ru;C#
Adeline;Adeline@mail.ru;C#
Judah;Judah@mail.ru;C++
Jazmine;Jazmine@mail.ru;C
Maximiliano;Maximiliano@mail.ru;Pascal
Mallory;Mallory@mail.ru;PHP
Aden;Aden@mail.ru;PHP
Rose;Rose@mail.ru;C++
Fabian;Fabian@mail.ru;JS
Jayden;Jayden@mail.ru;JS
Zayden;Zayden@mail.ru;PHP
Kendra;Kendra@mail.ru;Kotlin
Brennan;Brennan@mail.ru;Python
Camryn;Camryn@mail.ru;Pascal
Anderson;Anderson@mail.ru;C++
Macy;Macy@mail.ru;JS
Roberto;Roberto@mail.ru;Java
Abby;Abby@mail.ru;C++
Reid;Reid@mail.ru;C#
Dakota;Dakota@mail.ru;C++
Quinn;Quinn@mail.ru;CPascal
Mariana;Mariana@mail.ru;Kotlin
Angelo;Angelo@mail.ru;C++
Gia;Gia@mail.ru;Kotlin
Holden;Holden@mail.ru;Pascal
Adelyn;Adelyn@mail.ru;Java
Cruz;Cruz@mail.ru;JS
Madilyn;Madilyn@mail.ru;Java
Derrick;Derrick@mail.ru;C++
Jazmin;Jazmin@mail.ru;Python
Grady;Grady@mail.ru;Pascal
Iris;Iris@mail.ru;Java
Emilio;Emilio@mail.ru;Java
Nina;Nina@mail.ru;JS
Finn;Finn@mail.ru;Kotlin
Georgia;Georgia@mail.ru;C
Elliott;Elliott@mail.ru;C#
Lilah;Lilah@mail.ru;PHP
Pedro;Pedro@mail.ru;Kotlin
Breanna;Breanna@mail.ru;Python
Amari;Amari@mail.ru;PHP
Kenzie;Kenzie@mail.ru;JS
Frank;Frank@mail.ru;JS
Jayda;Jayda@mail.ru;Java
Rowan;Rowan@mail.ru;C
Phoebe;Phoebe@mail.ru;C#
Lorenzo;Lorenzo@mail.ru;Java
Lilliana;Lilliana@mail.ru;PHP
Felix;Felix@mail.ru;Kotlin
Kamryn;Kamryn@mail.ru;Python
Corey;Corey@mail.ru;C
Athena;Athena@mail.ru;C#
Dakota;Dakota@mail.ru;PHP
Malia;Malia@mail.ru;Pascal
Colby;Colby@mail.ru;Java
Nyla;Nyla@mail.ru;Kotlin
Braylen;Braylen@mail.ru;C
Miley;Miley@mail.ru;C#
Dawson;Dawson@mail.ru;PHP
Heaven;Heaven@mail.ru;Pacal
Brycen;Brycen@mail.ru;C++
Audrina;Audrina@mail.ru;C
Allen;Allen@mail.ru;C++
Madeleine;Madeleine@mail.ru;Pascal
Jax;Jax@mail.ru;Kotlin
Kiara;Kiara@mail.ru;C++
Brantley;Brantley@mail.ru;PHP
Selena;Selena@mail.ru;C++
Ty;Ty@mail.ru;C
Maddison;Maddison@mail.ru;PHP
Malik;Malik@mail.ru;C++
Giuliana;Giuliana@mail.ru;Kotlin
Ruben;Ruben@mail.ru;C#
Emilia;Emilia@mail.ru;Java
Trey;Trey@mail.ru;C
Lyric;Lyric@mail.ru;C#
Brock;Brock@mail.ru;Pascal
Joanna;Joanna@mail.ru;Python
Colt;Colt@mail.ru;Python
Adalynn;Adalynn@mail.ru;C#
Dallas;Dallas@mail.ru;Java
Annabella;Annabella@mail.ru;Kotlin
Joaquin;Joaquin@mail.ru;C
Fernanda;Fernanda@mail.ru;C#
Leland;Leland@mail.ru;PHP
Aubrie;Aubrie@mail.ru;Pascal
Beckett;Beckett@mail.ru;C++
Heidi;Heidi@mail.ru;JS
Jett;Jett@mail.ru;Java
Esmeralda;Esmeralda@mail.ru;Kotlin
Louis;Louis@mail.ru;JS
Kira;Kira@mail.ru;C
Gunner;Gunner@mail.ru;C#
Elliana;Elliana@mail.ru;Pascal
Adan;Adan@mail.ru;PHP
Arabella;Arabella@mail.ru;C#
Jakob;Jakob@mail.ru;PHP
Kelly;Kelly@mail.ru;Pascal
Cohen;Cohen@mail.ru;PHP
Karina;Karina@mail.ru;JS
Taylor;Taylor@mail.ru;C++
Paris;Paris@mail.ru;Pascal
Arthur;Arthur@mail.ru;C++
Caitlyn;Caitlyn@mail.ru;PHP
Marcos;Marcos@mail.ru;Kotlin
Kara;Kara@mail.ru;C#
Marshall;Marshall@mail.ru;Java
Raegan;Raegan@mail.ru;C#
Ronald;Ronald@mail.ru;Pascal
Miriam;Miriam@mail.ru;JS
Julius;Julius@mail.ru;Pascal
Crystal;Crystal@mail.ru;C#
Armando;Armando@mail.ru;C#
Alejandra;Alejandra@mail.ru;PHP
Kellen;Kellen@mail.ru;Pascal
Tatum;Tatum@mail.ru;C++
Dillon;Dillon@mail.ru;Java
Savanna;Savanna@mail.ru;Kotlin
Brooks;Brooks@mail.ru;Kotlin
Tiffany;Tiffany@mail.ru;Python
Cade;Cade@mail.ru;C++
Ayla;Ayla@mail.ru;C#
Danny;Danny@mail.ru;Pascal
Carmen;Carmen@mail.ru;Java
Nehemiah;Nehemiah@mail.ru;C
Maliyah;Maliyah@mail.ru;C
Beau;Beau@mail.ru;C++
Karla;Karla@mail.ru;Pascal
Jayson;Jayson@mail.ru;PHP
Bethany;Bethany@mail.ru;JS
Devon;Devon@mail.ru;Kotkin
Guadalupe;Guadalupe@mail.ru;Kotlin
Tristen;Tristen@mail.ru;C#
Kailey;Kailey@mail.ru;C++
Enrique;Enrique@mail.ru;C
Macie;Macie@mail.ru;C
Randy;Randy@mail.ru;Pascal
Gemma;Gemma@mail.ru;Kotkin
Gerardo;Gerardo@mail.ru;C#
Noelle;Noelle@mail.ru;C++
Pablo;Pablo@mail.ru;Java
Rylie;Rylie@mail.ru;C
Desmond;Desmond@mail.ru;C++
Elaina;Elaina@mail.ru;Python
Raul;Raul@mail.ru;Python
Lena;Lena@mail.ru;Kotlin
Romeo;Romeo@mail.ru;C#
Amiyah;Amiya@mail.ru;Java
Milo;Milo@mail.ru;C
Ruth;Ruth@mail.ru;Pascal
Julio;Julio@mail.ru;C++
Ainsley;Ainsley@mail.ru;C#
Kellan;Kellan@mail.ru;C
Finley;Finley@mail.ru;Python
Karson;Karson@mail.ru;C
Danna;Danna@mail.ru;Pascal
Titus;Titus@mail.ru;Python
Parker;Parker@mail.ru;Kotlin
Keaton;Keaton@mail.ru;Java
Emely;Emely@mail.ru;Java
Keith;Keith@mail.ru;PHP
Jane;Jane@mail.ru;PHP
Reed;Reed@mail.ru;C++
Joselyn;Joselyn@mail.ru;PHP
Ali;Ali@mail.ru;Pascal
Scarlet;Scarlet@mail.ru;C
Braydon;Braydon@mail.ru;C++
Anastasia;Anastasia@mail.ru;Kotlin
Dustin;Dustin@mail.ru;Kotlin
Journey;Journey@mail.ru;C
Scott;Scott@mail.ru;PHP
Angelica;Angelica@mail.ru;Java
Trent;Trent@mail.ru;JS
Sasha;Sasha@mail.ru;JS
Waylon;Waylon@mail.ru;PHP
Yaretzi;Yaretzi@mail.ru;Python
Walter;Walter@mail.ru;PHP
Charlie;Charlie@mail.ru;JS
Donald;Donald@mail.ru;Kotlin
Juliette;Juliette@mail.ru;Kotlin
Ismael;Ismael@mail.ru;C#
Lia;Lia@mail.ru;C++
Phillip;Phillip@mail.ru;PHP
Brynlee;Brynlee@mail.ru;Java
Iker;Iker@mail.ru;JS
Angelique;Angelique@mail.ru;Kotlin
Esteban;Esteban@mail.ru;C
Katelynn;Katelynn@mail.ru;C++
Jaime;Jaime@mail.ru;Python
Nayeli;Nayeli@mail.ru;C++
Landyn;Landyn@mail.ru;C#
Vivienne;Vivienne@mail.ru;Pascal
Darius;Darius@mail.ru;C++
Addisyn;Addisyn@mail.ru;Pascal
Dexter;Dexter@mail.ru;Python
Kaelyn;Kaelyn@mail.ru;C++
Matteo;Matteo@mail.ru;Java
Annie;Annie@mail.ru;Kotlin
Colten;Colten@mail.ru;C++
Tiana;Tiana@mail.ru;C#
Emerson;Emerson@mail.ru;PHP
Phoenix;Phoenix@mail.ru;Pascal
Janelle;Janelle@mail.ru;PHP
King;King@mail.ru;Kotlin
Cali;Cali@mail.ru;PHP
Izaiah;Izaiah@mail.ru;C#
Aleah;Aleah@mail.ru;Java
Karter;Karter@mail.ru;JS
Caitlin;Caitlin@mail.ru;Java
Albert;Albert@mail.ru;C++
Imani;Imani@mail.ru;C
Jerry;Jerry@mail.ru;Kotlin
Jayleen;Jayleen@mail.ru;Python
Tate;Tate@mail.ru;Kotlin
April;April@mail.ru;JS
Larry;Larry@mail.ru;Kotlin
Julie;Julie@mail.ru;C
Saul;Saul@mail.ru;Java
Alessandra;Alessandra@mail.ru;C++
Julissa;Julissa@mail.ru;PHP
Payton;Payton@mail.ru;Python
August;August@mail.ru;C++
Kailyn;Kailyn@mail.ru;C#
Jalen;Jalen@mail.ru;C++
Jazlyn;Jazlyn@mail.ru;Java
Enzo;Enzo@mail.ru;Java
Janiyah;Janiyah@mail.ru;C++
Jay;Jay@mail.ru;Python
Kaylie;Kaylie@mail.ru;Pascal
Rocco;Rocco@mail.ru;C++
Madelynn;Madelynn@mail.ru;C
Kolton;Kolton@mail.ru;C#
Baylee;Baylee@mail.ru;Java
Russell;Russell@mail.ru;JS
Itzel;Itzel@mail.ru;Kotlin
Leon;Leon@mail.ru;Kotlin
Monica;Monica@mail.ru;PHP
Philip;Philip@mail.ru;Java
Adelaide;Adelaide@mail.ru;Java
Gael;Gael@mail.ru;PHP
Brylee;Brylee@mail.ru;Pascal
Quentin;Quentin@mail.ru;C
Michaela;Michaela@mail.ru;C++
Tony;Tony@mail.ru;Pascal
Madisyn;Madisyn@mail.ru;Kotlin
Mathew;Mathew@mail.ru;Kotlin
Cassandra;Cassandra@mail.ru;C
Kade;Kade@mail.ru;C++
Elle;Elle@mail.ru;Java
Gideon;Gideon@mail.ru;C++
Kaylin;Kaylin@mail.ru;Java
Dennis;Dennis@mail.ru;JS
Aniya;Aniya@mail.ru;Python
Damon;Damon@mail.ru;C++
Dulce;Dulce@mail.ru;PHP
Darren;Darren@mail.ru;Pascal
Olive;Olive@mail.ru;C++
Kason;Kason@mail.ru;C#
Jaelyn;Jaelyn@mail.ru;Pascal
Walker;Walker@mail.ru;CPython
Courtney;Courtney@mail.ru;C#
Jimmy;Jimmy@mail.ru;C++
Brittany;Brittany@mail.ru;Java
Alberto;Alberto@mail.ru;C#
Madalyn;Madalyn@mail.ru;C#
Mitchell;Mitchell@mail.ru;Pascal
Jasmin;Jasmin@mail.ru;Python
Alec;Alec@mail.ru;JS
Kamila;Kamila@mail.ru;C++
Rodrigo;Rodrigo@mail.ru;C
Kiley;Kile@mail.ru;Pascal
Casey;Casey@mail.ru;Java
Tenley;Tenley@mail.ru;JS
River;River@mail.ru;Java
Braelyn;Braelyn@mail.ru;Pascal
Maverick;Maverick@mail.ru;Python
Holly;Holly@mail.ru;Python
Amare;Amare@mail.ru;C++
Helen;Helen@mail.ru;Java
Brayan;Brayan@mail.ru;Java
Hayley;Hayley@mail.ru;C#
Mohamed;Mohamed@mail.ru;C++
Carolina;Carolina@mail.ru;C
Issac;Issac@mail.ru;Kotlin
Cynthia;Cynthia@mail.ru;Kotlin
Yahir;Yahir@mail.ru;C#
Talia;Talia@mail.ru;@mail.ru;C
Arturo;Arturo@mail.ru;Java
Anya;Anya@mail.ru;PHP
Moises;Moises@mail.ru;PHP
Estrella;Estrella@mail.ru;Python
Maximilian;Maximilian@mail.ru;C#
Bristol;Bristol@mail.ru;C
Knox;Knox@mail.ru;JS
Jimena;Jimena@mail.ru;Kotlin
Barrett;Barrett@mail.ru;C#
Harley;Harley@mail.ru;C++
Davis;Davis@mail.ru;JS
Jamie;Jamie@mail.ru;Java
Gustavo;Gustavo@mail.ru;Kotlin
Rebekah;Rebekah@mail.ru;C++
Curtis;Curtis@mail.ru;C
Charlee;Charlee@mail.ru;Pascal
Hugo;Hugo@mail.ru;C++
Lacey;Lacey@mail.ru;Java
Reece;Reece@mail.ru;Java
Jaliyah;Jaliyah@mail.ru;C++
Chandler;Chandler@mail.ru;Kotlin
Cameron;Cameron@mail.ru;PHP
Mauricio;Mauricio@mail.ru;C++
Sarai;Sarai@mail.ru;C#
Jamari;Jamari@mail.ru;C#
Caylee;Caylee@mail.ru;C#
Abram;Abram@mail.ru;Pascal
Kennedi;Kennedi@mail.ru;Python
Uriel;Uriel@mail.ru;Python
Dayana;Dayana@mail.ru;C++
Bryant;Bryant@mail.ru;JS
Tatiana;Tatiana@mail.ru;JS
Archer;Archer@mail.ru;C#
Serena;Serena@mail.ru;C
Kamden;Kamden@mail.ru;C
Eloise;Eloise@mail.ru;Pascal
Solomon;Solomon@mail.ru;Python
Daphne;Daphne@mail.ru;Python
Porter;Porter@mail.ru;Kotlin
Mckinley;Mckinley@mail.ru;Java
Zackary;Zackary@mail.ru;C++
Mikaela;Mikaela@mail.ru;Java
Adriel;Adriel@mail.ru;Java
Celeste;Celeste@mail.ru;Pascal
Ryland;Ryland@mail.ru;C
Hanna;Hanna@mail.ru;JS
Lawrence;Lawrence@mail.ru;PHP
Lucille;Lucille@mail.ru;C#
Noel;Noel@mail.ru;C
Skyler;Skyler@mail.ru;Pascal
Alijah;Alijah@mail.ru;C++
Nylah;Nylah@mail.ru;C#
Ricky;Ricky@mail.ru;Java
Camilla;Camilla@mail.ru;Java
Ronan;Ronan@mail.ru;C++
Lilian;Lilian@mail.ru;Python
Leonel;Leonel@mail.ru;C#
Lindsey;Lindsey@mail.ru;JS
Maurice;Maurice@mail.ru;PHP
Sage;Sage@mail.ru;JS
Chris;Chris	@mail.ru;JS
Viviana;Viviana@mail.ru;C#
Atticus;Atticus@mail.ru;C
Danica;Danica@mail.ru;Pascal
Brenden;Brenden@mail.ru;Java
Liana;Liana@mail.ru;Kotlin
Ibrahim;Ibrahim@mail.ru;C
Melany;Melany@mail.ru;C
Zachariah;Zachariah@mail.ru;C++
Aileen;Aileen@mail.ru;Java
Khalil;Khalil@mail.ru;C#
Lillie;Lillie@mail.ru;C++
Lance;Lance@mail.ru;Pascal
Kadence;Kadence@mail.ru;Python
Marvin;Marvin@mail.ru;C++
Zariah;Zariah@mail.ru;Java
Dane;Dane@mail.ru;Java
June;June@mail.ru;JS
Bruce;Bruce@mail.ru;C++
Lilyana;Lilyana@mail.ru;C#
Cullen;Cullen@mail.ru;PHP
Bridget;Bridget@mail.ru;PHP
Orion;Orion@mail.ru;C#
Anabelle;Anabelle@mail.ru;Kotlin
Nikolas;Nikolas@mail.ru;Kotlin
Lexie;Lexie@mail.ru;C#
Pierce;Pierce@mail.ru;C++
Anaya;Anaya@mail.ru;Pascal
Kieran;Kieran@mail.ru;Kotlin
Skye;Skye@mail.ru;Java
Braeden;Braeden@mail.ru;JS
Alyson;Alyson@mail.ru;PHP
Kobe;Kobe@mail.ru;C#
Angie;Angie@mail.ru;Java
Finnegan;Finnegan@mail.ru;Kotlin
Paola;Paola@mail.ru;C
Remington;Remington@mail.ru;Pascal
Elsie;Elsie@mail.ru;C
Muhammad;Muhammad@mail.ru;Python
Erica;Erica@mail.ru;Pascal
Prince;Prince@mail.ru;PHP
Gracelyn;Gracelyn@mail.ru;PHP
Orlando;Orlando@mail.ru;C++
Kiera;Kiera@mail.ru;Java
Alfredo;Alfredo@mail.ru;Pascal
Myla;Myla@mail.ru;Java
Mekhi;Mekhi@mail.ru;Kotlin
Aylin;Aylin@mail.ru;C
Sam;Sam@mail.ru;Kotlin
Lana;Lana@mail.ru;Java
Rhys;Rhys@mail.ru;JS
Priscilla;Priscilla@mail.ru;PHP
Jacoby;Jacoby@mail.ru;Kotlin
Kassidy;Kassidy@mail.ru;Python
Eddie;Eddie@mail.ru;Pascal
Natasha;Natasha@mail.ru;C
Zaiden;Zaiden@mail.ru;C++
Nia;Nia@mail.ru;Python
Ernesto;Ernesto@mail.ru;C
Kenley;Kenley@mail.ru;Java
Joe;Joe@mail.ru;JS
Dylan;Dylan@mail.ru;C#
Kristopher;Kristopher@mail.ru;C
Kali;Kali@mail.ru;C#
Jonas;Jonas@mail.ru;C++
Ada;Ada@mail.ru;Pascal
Gary;Gary@mail.ru;Python
Miracle;Miracle@mail.ru;JS
Jamison;Jamison@mail.ru;Java
Raelynn;Raelynn@mail.ru;C
Nico;Nico@mail.ru;PHP
Briella;Briella@mail.ru;PHP
Johan;Johan@mail.ru;Java
Emilee;Emilee@mail.ru;Kotlin
Giovani;Giovani@mail.ru;Pascal
Lorelei;Lorelei@mail.ru;C++
Malcolm;Malcolm@mail.ru;Java
Francesca;Francesca@mail.ru;C
Armani;Armani@mail.ru;Kotlin
Arielle;Arielle@mail.ru;Java
Warren;Warren@mail.ru;Python
Madyson;Madyson@mail.ru;C#
Gunnar;Gunnar@mail.ru;Kotlin
Amira;Amira@mail.ru;JS
Ramon;Ramon@mail.ru;Java
Franklin;Franklin@mail.ru;Kotlin






























