Name;E-mail;Post
Steven;Steven@mail.ru;Event-менеджер
Branden;Branden1@mail.ru;PR-Менеджер
Mark;Mark2@mail.ru;Event-менеджер
Daniel;Daniel@bk.ru;Event-менеджер
Edmund;Edmund@mail.ru;Клиент-менеджер
Goodwin;Goodwin@mail.ru;Менеджер по закупкам
Milo;Milo@mail.ru;Event-менеджер
Ralf;Ralf@mail.ru;PR-Менеджер
Sherman;sherman@mail.ru;PR-Менеджер
Ronald;ronald1@mail.ru;PR-Менеджер
Roger;roger@bk.ru;Event-менеджер
Robert;robert@bk.ru;Клиент-менеджер
Peter;peter234@mail.ru;Менеджер по закупкам
Donald;Donald@mail.ru;Менеджер по закупкам
Mervin;Mervin2@bk.ru;Event-менеджер
Tobias;Tobias@mail.ru;Клиент-менеджер
Richard;Richard@mail.ru;Event-менеджер
Lambert;Lambert@bk.ru;PR-Менеджер
Scot;ScotMccall@mail.ru;Event-менеджер
Kenneth;Kenneth@mail.ru;Клиент-менеджер
Matthew;Matthew@bk.ru;Менеджер по закупкам
Corey;Corey@mail.ru;Event-менеджер
April;April2@mail.ru;Клиент-менеджер
Adele;Adele@bk.ru;Event-менеджер
Bethanie;Bethanie@bk.ru;Менеджер по продажам
Jessica;Jess@mail.ru;Менеджер по закупкам
Mae;Mae12@mail.ru;PR-Менеджер
Maryann;Maryann2@mail.ru;Менеджер по продажам
Briana;B2@bk.ru;Event-менеджер
Anabel;Anabel3@mail.ru;Event-менеджер
Christal;Christal@mail.ru;PR-Менеджер
Mercy;23@mail.ru;Клиент-менеджер
Annabelle;124@mail.ru;Менеджер по продажам
Helen;Helen3@mail.ru;Менеджер по закупкам
Chrystal;Chrystal3@bk.ru;Клиент-менеджер
Belinda;4@bk.ru;Event-менеджер
Avis;Avis4@mail.ru;PR-Менеджер
Eileen;Eileen2@mail.ru;Клиент-менеджер
Jean;Jean@mail.ru;PR-Менеджер
Oliver;Oliver5432@mail.ru;PR-Менеджер
Frank;Frank@mail.ru;Event-менеджер
Andrew;fzsgdx@msil.ru;Клиент-менеджер
Donald;fd@mail.ru;Event-менеджер
Moris;gb12@mail.ru;PR-Менеджер
Gordon;Gordon123@mail.ru;Event-менеджер
Edmund;gefgergr@bk.ru;Менеджер по закупкам
Matthew;rfg@mail.ru;Клиент-менеджер
Joseph;fsfgfrg23@mail.ru;Event-менеджер
Frank;Frank23@mail.ru;PR-Менеджер
Samuel;Samuel2@mail.ru;PR-Менеджер
Christopher;Christopher45@bk.ru;Клиент-менеджер
Maximillian;Maximillian564@mail.ru;Менеджер по продажам
Oliver;twist2@mail.ru;Event-менеджер
David;David2@mail.ru;Менеджер по закупкам
Gerald;Gerald34@bk.ru;Event-менеджер
Alister;Alister1@mail.ru;Клиент-менеджер
Fergus;Fergus@mail.ru;PR-Менеджер
Crispin;Crispin31@mail.ru;Менеджер по закупкам
Ellis;Ellisqr@mail.ru;Event-менеджер
Piers;Piers@mail.ru;Клиент-менеджер
Conall;Conall@mail.ru;Менеджер по продажам
Kenzie;Kenzie@mail.ru;Менеджер по продажам
Euan;Euan@mail.ru;Event-менеджер
Ewan;Ewan@mail.ru;Менеджер по закупкам
Lachlan;Lachlan@mail.ru;Менеджер по продажам
Amelia;Amelia3@mail.ru;Клиент-менеджер
Gladys;Gladys12@mail.ru;Event-менеджер
Myrtle;Myrtle@mail.ru;PR-Менеджер
Liam;Liam@mail.ru;PR-Менеджер
Noah;Noah2@mail.ru;PR-Менеджер
Emma;Emma12@mail.ru;Event-менеджер
Abraham;Abraham9@mail.ru;Event-менеджер
Adam;Adam65@mail.ru;Event-менеджер
Adrian;Adrian1@bk.ru;Клиент-менеджер
Albert;Albert@mail.ru;PR-Менеджер
Alexander;Alexander_s@mail.ru;Менеджер по закупкам
Alfred;Alfred12@mail.ru;Менеджер по продажам
Anderson;Anderson@mail.ru;Клиент-менеджер
Andrew;Andrew54@mail.ru;Event-менеджер
Anthony;Anthony123@mail.ru;Менеджер по продажам
Arnold;Arnold63@mail.ru;Клиент-менеджер
Arthur;Arthur12@mail.ru;Менеджер по закупкам
Ashley;Ashley00@mail.ru;Event-менеджер
Austen;Austen20@mail.ru;Event-менеджер
Crispin;Crispin@mail.ru;Event-менеджер
Ellis;Ellisew@mail.ru;PR-Менеджер
Piers;Piers6f@mail.ru;Event-менеджер
Conall;Conall132@mail.ru;Менеджер по продажам
Kenzie;Kenzie_ddf@mail.ru;Менеджер по закупкам
Euan;Euan_hfde@mail.ru;Клиент-менеджер
Ewan;Ewan01@mail.ru;PR-Менеджер
Lachlan;Lachlan120@mail.ru;Менеджер по закупкам
Amelia;Amelia81@mail.ru;Event-менеджер
Gladysl;Gladys0vd@mail.ru;Менеджер по продажам
Myrtle;Myrtle312@mail.ru;Клиент-менеджер
Frideswide;Frideswide1230@mail.ru;
Agatha;Agatha0@mail.ru;Менеджер по закупкам
Olivia;Olivia13@mail.ru;Event-менеджер
Boadicea;Boadicea1340@mail.ru;PR-Менеджер
Edith;Edith17@mail.ru;Клиент-менеджер
Nora;Nora1@mail.ru;Клиент-менеджер
Ada;Ada8@mail.ru;Event-менеджер
Adriana;Adriana6@mail.ru;Менеджер по закупкам
Abby;Abby6@mail.ru;PR-Менеджер
Adrianne;Adrianne421@mail.ru;PR-Менеджер
Aimee;Aimee10@mail.ru;PR-Менеджер
Alexa;Alexa0124@mail.ru;Event-менеджер
Alana;Alana138@mail.ru;Менеджер по закупкам
Alexandra;Alexandra1@bk.ru;Менеджер по продажам
Alice;Alice8@mail.ru;Клиент-менеджер
Alison;AlisonA@mail.ru;PR-Менеджер
Alyssa;Alyssa9@mail.ru;Менеджер по закупкам
Amanda;Amanda31@mail.ru;Менеджер по продажам
Amy;Amy813@mail.ru;Event-менеджер
Amber;Amber	8@mail.ru;Менеджер по закупкам
Ana;Ana087@mail.ru;Клиент-менеджер
Andrea;Andrea41@mail.ru;Менеджер по продажам
Angela;Angela194@mail.ru;Менеджер по закупкам
Anita;Anita862@mail.ru;Клиент-менеджер
Annette;Annette4§@mail.ru;PR-Менеджер
Aria;Aria8@bk.ru;Менеджер по продажам
Ashley;Ashley31@mail.ru;Менеджер по закупкам
Audrey;Audrey@mail.ru;Клиент-менеджер
Barbara;Barbara12@mail.ru;PR-Менеджер
Beatrice;Beatrice91@mail.ru;PR-Менеджер
Becky;Becky814@bk.ru;Менеджер по продажам
Belindal;Belinda1@mail.ru;Менеджер по продажам
Bertha;Bertha13@mail.ru;Менеджер по закупкам
Beryl;Beryl1@mail.ru;Клиент-менеджер
Beth;Beth5@mail.ru;Менеджер по продажам
Betty;Betty41@mail.ru;Менеджер по закупкам
Beverly;Beverly910@mail.ru;Менеджер по продажам
Bonnie;Bonnie8@bk.ru;Клиент-менеджер
Brandi;Brandi13@bk.ru;Менеджер по закупкам
Brenda;Brenda4@mail.ru;Клиент-менеджер
Candice;Candice5@bk.ru;PR-Менеджер
Carly;Carly51@mail.ru;PR-Менеджер
Carmen;Carmen51@mail.ru;Клиент-менеджер
Camille;Camille74@bk.ru;Менеджер по закупкам
Carol;Carol31@mail.ru;Клиент-менеджер
Caroline;Caroline41@mail.ru;Менеджер по продажам
Carrie;Carrie31@mail.ru;PR-Менеджер
Catherine;Catherine512@bk.ru;Клиент-менеджер
Cathy;Cathy9104@mail.ru;PR-Менеджер
Chantal;Chantal7893@bk.ru;PR-Менеджер
Charlotte;Charlotte312@mail.ru;PR-Менеджер
Cheryl;Cheryl9@bk.ru;Менеджер по закупкам
Сhris;Сhris02@bk.ru;Клиент-менеджер	
Christina;Christina90@mail.ru;Менеджер по закупкам
Christy;Christy31@mail.ru;Клиент-менеджер
Christie;Christie8@mail.ru;Менеджер по продажам
Cindy;Cindy50@bk.ru;Менеджер по закупкам
Cindy;Cindy087@mail.ru;Менеджер по продажам
Connie;Connie81@mail.ru;Клиент-менеджер
Constance;Constance00@bk.ru;Менеджер по закупкам
Krystal;Krystal@mail.ru;Event-менеджер
Dana;Dana81@bk.ru;PR-Менеджер
Paula;Paula@mail.ru;PR-Менеджер
Peggy;Peggy82@mail.ru;PR-Менеджер
Dawn;Dawn51@mail.ru;PR-Менеджер
Debbie;Debbie@bk.ru;PR-Менеджер
Deborah;Deborah23@mail.ru;Менеджер по продажам
Penelope;Penelope78@mail.ru;Менеджер по закупкам
Denise;Denise71@mail.ru;Event-менеджер
Phyllisl;Phyllis2@bk.ru;PR-Менеджер
Priscilla;Priscilla2@mail.ru;Менеджер по закупкам
Diana;Diana671@bk.ru;Клиент-менеджер
Rachel;Rachel5@bk.ru;Event-менеджер
Diane;Diane7@bk.ru;Event-менеджер
Rebecca;Rebecca4@mail.ru;Event-менеджер
Donna;Donna34@mail.ru;PR-Менеджер
Regina;Regina41@mail.ru;Менеджер по закупкам
Doris;Doris2@mail.ru;Клиент-менеджер
Renee;Renee@mail.ru;PR-Менеджер
Dorothy;Dorothy2@mail.ru;Event-менеджер
Rita;Rita90@mail.ru;Клиент-менеджер
Eliza;Eliza4@mail.ru;Менеджер по закупкам
Rose;Rose60@mail.ru;Event-менеджер
Elizabeth;Elizabeth45@mail.ru;PR-Менеджер
Ruby;Ruby71@mailru;Клиент-менеджер
Ella;Ella912@mail.ru;Event-менеджер
Ruth;Ruth01@bk.ru;Event-менеджер
Ellen;EllenEllen@mail.ru;PR-Менеджер
Sally;Sally@bk.ru;PR-Менеджер
Emily;Emily023@mail.ru;PR-Менеджер
Samantha;Samantha882@mail.ru;Клиент-менеджер
Emma;Emma@bk.ru;Event-менеджер
Sandy;Sandy83@bk.ru;Клиент-менеджер
Erika;Erika@bk.ru;PR-Менеджер
Sara;Sara5@mail.ru;Менеджер по закупкам
Sarah;Sarah@bk.ru;PR-Менеджер
Erin;Erin84@bk.ru;Клиент-менеджер
Shannon;Shannon45@mail.ru;PR-Менеджер
Esther;Esther54@bk.ru;Event-менеджер
Sharon;Sharon51@mail.ru;Клиент-менеджер
Ethel;Ethel6@mail.ru;PR-Менеджер
Sheila;Sheila@bk.ru;Event-менеджер
Eva;Eva456@mail.ru;PR-Менеджер
Shirley;Shirley72@bk.ru;Менеджер по закупкам
Evelyn;Evelyn42@bk.ru;PR-Менеджер
Sophie;Sophie6@bk.ru;Клиент-менеджер
Faith;Faith51@mail.ru;Event-менеджер
Stella;Stella51@mail.ru;Менеджер по закупкам
Fiona;Fiona61@mail.ru;Клиент-менеджер
Stephanie;Stephanie51@bk.ru;PR-Менеджер
Gina;Gina690@mail.ru;Event-менеджер
Sue;Sue51@mail.ru;Клиент-менеджер
Gloria;Gloria812@mail.ru;Менеджер по продажам
Susan;Susan000@mail.ru;Менеджер по закупкам
Grace;Grace01@mail.ru;Event-менеджер
Susanna;Susanna024@bk.ru;Клиент-менеджер
Hannah;Hannah0128@mail.ru;Менеджер по продажам
Sylvia;Sylvia05@mail.ru;Менеджер по закупкам
Hayley;Hayley031@bk.ru;Event-менеджер
Tammy;Tammy912@mail.ru;Клиент-менеджер
Heather;Heather01@bk.ru;Менеджер по продажам
Tanya;Tanya017@mail.ru;Менеджер по закупкам
Helen;Helen67@bk.ru;Клиент-менеджер
Tara;Tara5@mail.ru;PR-Менеджер
Helena;Helena90@mail.ru;Event-менеджер
Teresa;Teresa6@bk.ru;Менеджер по закупкам
Holly;Holly9@mail.ru;Клиент-менеджер
Terri;Terri9@mail.ru;PR-Менеджер
Irene;IreneAdler@mail.ru;PR-Менеджер
Tina;Tina93@bk.ru;Клиент-менеджер
Jade;Jade7@mail.ru;Event-менеджер
Valerie;Valerie90@bk.ru;Менеджер по закупкам
Jamie;Jamie90@mail.ru;PR-Менеджер
Vanessa;Vanessa00@bk.ru;Event-менеджер
Jane;Jane08@mail.ru;Клиент-менеджер
Veronica;Veronica62@mail.ru;Менеджер по продажам
Janet;Janet006@bk.ru;PR-Менеджер
Vickil;Vicki651@mail.ru;Менеджер по продажам
Vickiel;Vickie082@mail.ru;Менеджер по закупкам
Jasmine;Jasminennn@mail.ru;Event-менеджер
Wendy;Wendy02@mail.ru;PR-Менеджер
Janice;Janice61@bk.ru;PR-Менеджер
Janis;Janis8@mail.ru;PR-Менеджер
Victoria;Victoria0@mail.ru;Менеджер по закупкам
Jenna;Jenna02@bk.ru;Клиент-менеджер
Yvonne;Yvonne8@mail.ru;Event-менеджер
Jean;Jean88@mail.ru;Менеджер по продажам
Whitney;Whitney72@mail.ru;Менеджер по закупкам
Patti;Patti7@bk.ru;Клиент-менеджер
Patty;Patty82@mail.ru;Event-менеджер
Patsy;Patsy99@mail.ru;Менеджер по продажам
Patricia;Patricia00@mail.ru;Event-менеджер
Pat;Pat99@mail.ru;Менеджер по закупкам
Paris;Paris@bk.ru;PR-Менеджер
Pamela;Pamela8@bk.ru;PR-Менеджер
Norma;Norma777@mail.ru;Event-менеджер
Nikki;Nikki99@bk.ru;Менеджер по закупкам
Nicole;Nicole99@mail.ru;Event-менеджер
Natalie;Natalie44@bk.ru;Менеджер по продажам
Nancy;NancyD@bk.ru;Клиент-менеджер
Monica;Monica00@mail.ru;Event-менеджер
Molly;Molly8@bk.ru;PR-Менеджер
Miranda;Miranda84@mail.ru;Event-менеджер
Michele;Michele07@bk.ru;Менеджер по закупкам
Michelle;Michelle78@mail.ru;Клиент-менеджер
Melissa;Melissa59@mail.ru;Event-менеджер
Melanie;Melanie6@bk.ru;Менеджер по продажам
Megan;Megan64@bk.ru;Клиент-менеджер
Marion;Marion@bk.ru;PR-Менеджер
Marion;Marion53@bk.ru;Event-менеджер
Mary;MaryW@mail.ru;Менеджер по закупкам
Martha;Martha67@mail.ru;Клиент-менеджер
Marilyn;Marilyn54@mail.ru;Event-менеджер
Marie;Marie45@bk.ru;PR-Менеджер
Maria;Maria75@bk.ru;Менеджер по закупкам
Margie;Margie45@mail.ru;Клиент-менеджер
Margaret;Margaret4@bk.ru;Event-менеджер
Mandy;Mandy78@mail.ru;PR-Менеджер
Lydia;Lydia78@bk.ru;PR-Менеджер
Lucy;Lucy5@bk.ru;Event-менеджер
Louisa;Louisa92@mail.ru;Менеджер по закупкам
Louise;Louise678@mail.ru;Клиент-менеджер
Lorraine;Lorraine8@bk.ru;PR-Менеджер
Lori;Lori7@mail.ru;Event-менеджер
Lisa;Lisa7@bk.ru;Менеджер по закупкам
Linda;Linda7@mail.ru;Клиент-менеджер
Lillian;Lillian7@bk.ru;PR-Менеджер
Leah;Leah9@bk.ru;Event-менеджер
Laurie;Laurie7@mail.ru;Event-менеджер
Lauren;Lauren7@bk.ru;PR-Менеджер
Laura;Laura74@mail.ru;Менеджер по закупкам
Kelly;Kelly@bk.ru;Клиент-менеджер
Katie;Katie34@mail.ru;Event-менеджер
Kathy;Kathy56@bk.ru;PR-Менеджер
Kathleen;Kathleen94@mail.ru;Event-менеджер
Kate;Kate82@mail.ru;PR-Менеджер
June;June7@bk.ru;Менеджер по закупкам
Karen;Karen72@mail.ru;Клиент-менеджер
Juliet;Juliet89@bk.ru;Event-менеджер
Juliette;Juliette56@mail.ru;Менеджер по продажам
Julie;Julie6@mail.ru;Менеджер по продажам
Julia;Julia34@bk.ru;PR-Менеджер
Judy;Judy5@mail.ru;Менеджер по закупкам
Judith;Judith5@mail.ru;Менеджер по продажам
Joan;Joan092@bk.ru;Event-менеджер
Joanna;Joanna82@mail.ru;PR-Менеджер
Jill;Jill83@bk.ru;Менеджер по продажам
Jessie;Jessie80@mail.ru;Клиент-менеджер
Jennifer;Jennifer0@bk.ru;Event-менеджер
Jenny;Jenny30@mail.ru;PR-Менеджер
Jessica;Jessica82@bk.ru;Клиент-менеджер
John;John6@mail.ru;Менеджер по закупкам
William;William62f@bk.ru;Event-менеджер
James;James68f@mail.ru;Менеджер по продажам
George;George6@bk.ru;Клиент-менеджер
Charles;Charles9fgf@mail.ru;Клиент-менеджер
Robert;Robert7gd@mail.ru;PR-Менеджер
Joseph;Joseph54g@mail.ru;Клиент-менеджер
Frank;FrankFr@bk.ru;PR-Менеджер
Edward;Edward5gh@mail.ru;PR-Менеджер
Henry;Henry45@mail.ru;Менеджер по закупкам
Thomas;Thomash@mail.ru;Event-менеджер
Walter;Walter78@mail.ru;Менеджер по закупкам
Harry;HarryP@mail.ru;Клиент-менеджер
Willie;WillieW@mail.ru;Event-менеджер
Arthur;Arthur4@mail.ru;PR-Менеджер
Albert;AlbertI@bk.ru;Менеджер по закупкам
Fred;FredW@mail.ru;Event-менеджер
Clarence;Clarence5@mail.ru;Клиент-менеджер
Paul;Paul89@mail.ru;Event-менеджер
Harold;Haroldsf@bk.ru;Менеджер по закупкам
Yura:Yura3@mail.ru;PR-Менеджер
Roy;Royfgdfg@mail.ru;Клиент-менеджер
Joe;Joedf@mail.ru;PR-Менеджер
Richard;Richard78@mail.ru;Event-менеджер
Raymond;Raymond90@mail.ru;Клиент-менеджер
Charlie;Charliefjh@bk.ru;Менеджер по закупкам
Louis;Louisdffds@mail.ru;Event-менеджер
Jack;Jackgjgg@mail.ru;Клиент-менеджер
Earl;Earlfdffdf@mail.ru;Менеджер по закупкам
Carl;Carldfdf@bk.ru;Event-менеджер
Ernest;Ernestdfs@mail.ru;PR-Менеджер
Aaliyah;Aaliyahfddf@mail.ru;Event-менеджер
Abigail;Abigailsdfdf@mail.ru;Клиент-менеджер
Ada;Adadfg@bk.ru;PR-Менеджер
Adelina;Adelinadfsdf@mail.ruPR-Менеджер;
Aaron;Aarondf@bk.ru;Event-менеджер
Agatha;Agathafsgfg@mail.ru;Клиент-менеджер
Abraham;Abrahamdf@mail.ru;Event-менеджер
Adam;Adamdfs@bk.ru;Менеджер по закупкам
Alexa;Alexarr@mail.ru;PR-Менеджер
Adrian;Adriansdfa@mail.ru;PR-Менеджер
Aidan;Aidandf@bk.ru;Менеджер по закупкам
Alexis;Alexisdff@mail.ru;Event-менеджер
Alan;AlanR@mail.ru;Менеджер по закупкам
Alise;Alisedsf@mail.ru;Клиент-менеджер
Alyssa;Alyssaf@mail.ru;Клиент-менеджер
Alejandro;Alejandro@mail.ru;Event-менеджер
Amanda;Amandagfrg@mail.ru;PR-Менеджер
Amber;Amberfsf@mail.ru;Менеджер по закупкам
Alfred;Alfredfgg@mail.ru;Event-менеджер
Amelia;Ameliann@bk.ru;PR-Менеджер
Angelina;Angelina@bk.ru;Менеджер по продажам
Angel;Angel34@mail.ru;Клиент-менеджер
Anita;Anita434@mail.ru;PR-Менеджер
Angel;Angel3@mail.ru;Менеджер по закупкам
Ariana;Ariana45@bk.ru;Event-менеджер
Anthony;Anthony125@mail.ru;PR-Менеджер
Antonio;Antonio65u@mail.ru;Менеджер по закупкам
Ashton;Ashton657@mail.ru;Клиент-менеджер
Austin;Austin61@bk.ru;Event-менеджер
Ashley;Ashley67@bk.ru;PR-Менеджер
Audrey;Audreydgd@mail.ru;Менеджер по закупкам
Autumn;Autumn646@mail.ru;Клиент-менеджер
Ava;Avadfdgh@bk.ru;Event-менеджер
Avery;Avery6@bk.ru;PR-Менеджер
Benjamin;BenjaminB@mail.ru;Клиент-менеджер
Bailey;Baileygd@bk.ru;Менеджер по закупкам
Barbara;Barbara545@mail.ru;Менеджер по продажам
Bernard;Bernarddfgs@mail.ru;Event-менеджер
Blake;Blakefdgsd@mail.ru;PR-Менеджер
Beatrice;Beatricefg@mail.ru;Менеджер по закупкам
Belinda;Belindasfgs@mail.ru;Клиент-менеджер
Brandon;Brandonfg@mail.ru;Клиент-менеджер
Brian;Briandff@bk.ru;Event-менеджер
Brianna;Briannart@mail.ru;PR-Менеджер
Bridjet;Bridjetfggg@bk.ru;Event-менеджер
Bruce;Brucefgg@msil.ru;Менеджер по закупкам
Bryan;Bryanfgg@mail.ru;Клиент-менеджер
Brooke;Brookeff@mail.ru;PR-Менеджер
Cameron;Cameronfgdfgfd@mail.ru;Менеджер по закупкам
Carl;Carldf@bk.ru;PR-Менеджер
Carlos;Carlosfgfg@bk.ru;Event-менеджер
Charles;Charlesfgdfg@bk.ru;Клиент-менеджер
Christopher;Christopherdfs@mail.ru;Менеджер по закупкам
Cole;Coledfd@mail.ru;Event-менеджер
Caroline;Carolinefnk@bk.ru;PR-Менеджер
Catherine;Catherinefgsg@mail.ru;Менеджер по продажам
Connor;ConnorM@mail.ru;Менеджер по закупкам
Cecilia;Ceciliadfd@mail.ru;Клиент-менеджер
Caleb;Calebfjgh@mail.ru;Event-менеджер
Celia;Celiadf@mail.ru;PR-Менеджер
Carter;Carterdf@mail.ru;Менеджер по закупкам
Chloe;Chloerr@mail.ru;Event-менеджер
Christine;Christinedf@mail.ru;Клиент-менеджер
Claire;Clairefgfg@mail.ru;Менеджер по закупкам
Carter;CarterW@bk.ru;PR-Менеджер
Chase;Chase46@mail.ru;Event-менеджер
Christian;Christianfsg@bk.ru;Клиент-менеджер
Clifford;Cliffordfggh@bk.ru;Менеджер по закупкам
Cody;CodyZc@mail.ru;Event-менеджер
Colin;Colinfbgfb@bk.ru;Менеджер по закупкам
Curtis;Curtisfg@mail.ru;Event-менеджер
Cyrus;Cyrus56@bk.ru;PR-Менеджер
Daniel;Danielfggg@bk.ru;Клиент-менеджер
David;Davidv6@bk.ru;Event-менеджер
Daisy;Daisysfgr@bk.ru;Менеджер по закупкам
Dennis;Dennisfg@bk.ru;PR-Менеджер
Danielle;Daniellefg@bk.ru;Клиент-менеджер
Devin;Devinfgdg@bk.ru;Event-менеджер
Deborah;Deborahfggh@mail.ru;PR-Менеджер
Diego;Diegodf@bk.ru;Клиент-менеджер
Delia;Deliafgf@mail.ru;Event-менеджер
Dominic;Dominicfbfb@bk.ru;Менеджер по закупкам
Destiny;Destinygdghh@mail.ru;PR-Менеджер
Donald;DonaldT@bk.ru;Event-менеджер
Dorothy;Dorothyfgdh@mail.ru;Клиент-менеджер
Douglas;Douglasdg@bk.ru;PR-Менеджер
Dylan;DylanOB@mail.ru;Event-менеджер
Eleanor;EleanorP@mail.ru;PR-Менеджер
Elizabeth;ElizabethS@mail.ru;Менеджер по продажам
Edward;EdwardK@mail.ru;Менеджер по закупкам
Elijah;Elijahfg@bk.ru;Клиент-менеджер
Ella;Ellag@mail.ru;Event-менеджер
Eric;EricSa@mail.ru;PR-Менеджер
Emily;Emilydfg@mail.ru;Менеджер по закупкам
Ethan;Ethanfb@bk.ru;Клиент-менеджер
Emma;EmmaW@mail.ru;PR-Менеджер
Evan;Evanzdgh@bk.ru;Event-менеджер
Erin;Eringjjj@mail.ru;Менеджер по закупкам
Evelyn;Evelynfghj@bk.ru;Клиент-менеджер
Faith;Faithddf@mail.ru;Event-менеджер
Fiona;Fionaffg@bk.ru;Менеджер по закупкам
Francis.Francisfg@mail.ru;PR-Менеджер
Florence;Florencedff@bk.ru;Клиент-менеджер
Freda;FredaK@mail.ru;Event-менеджер
Gabriel;Gabrieldfg@bk.ru;Менеджер по закупкам
Gavin;Gavinfgg@mail.ru;Event-менеджер
Geoffrey;Geoffreyfg@mail.ru;Клиент-менеджер
Gloria;Gloriafdg@bk.ru;Event-менеджер
George;Georgedghd@bk.ru;Менеджер по закупкам
Gabrielle;Gabrielleggg@bk.ru;Клиент-менеджер
Gerld;Gerldgg@mail.ru;PR-Менеджер
Gilbert;Gilbertgg@mail.ru;Менеджер по закупкам
Gordon;Gordonfgfg@bk.ru;Event-менеджер
Graham;Grahamfgf@mail.ru;Клиент-менеджер
Gregory;Gregoryfbf@bk.ru;Event-менеджер
Gladys;Gladysfg@bk.ru;Менеджер по закупкам
Harold;Haroldfg@bk.ru;PR-Менеджер
Hayden;Haydenfgg@bk.ru;Клиент-менеджер
Hailey;Haileyfg@mail.ru;Event-менеджер
Hannah;Hannahghghja@mail.ru;Менеджер по закупкам
Henry;Henryzzz@mail.ru;Event-менеджер
Herbert;Herbertgg@bk.ru;PR-Менеджер
Horace;Horacennb@mail.ru;Менеджер по закупкам
Howard;HowardS@bk.ru;Клиент-менеджер
Hugh;Hughfff@mail.ru;Event-менеджер
Hunter;Hunterdfdf@mail.ru;PR-Менеджер
Hannah;Hannahsf12@bk.ru;Менеджер по закупкам
Helen;Helenv2@mail.ru;Event-менеджер
Ian;Iansd@mail.ru;PR-МенеджерКлиент-менеджер
Isaac;IsaacN@mail.ru;Event-менеджер
Isaiah;Isaiah23@mail.ru;PR-Менеджер
Isabel;Isabelfv@mail.ru;PR-Менеджер
Isabella;Isabelladfg@mail.ru;Менеджер по закупкам
Jack;Jackfg@mail.ru;Клиент-менеджер
Jackson;Jacksonfgg@mail.ru;Event-менеджер
Jacob;Jacobfgdgh@mail.ru;Менеджер по продажам
Jaden;Jadenfh@mail.ru;Event-менеджер
Jake;Jakexdfh@mail.ru;PR-Менеджер
James;Jamesgf@bk.ru;PR-Менеджер
Jason;Jasonfgdh@mail.ru;Клиент-менеджер
Jayden;Jaydenfgh@bk.ru;Event-менеджер
Jeffery;Jefferyxfg3@mail.ru;Менеджер по закупкам
Jeremiah;Jeremiahfb@mail.ru;PR-Менеджер
Jesse;JesseP@mail.ru;Клиент-менеджер
Jesus;Jesus@mail.ru;Event-менеджер
Jonathan;Jonathangfs@bk.ru;Менеджер по закупкам
Jordan;Jordanfgh@mail.ru;PR-Менеджер
Jose;Josefgb@mail.ru;PR-Менеджер
Joseph;Josephgfh@mail.ru;PR-Менеджер
Joshua;Joshuafxh@bk.ru;Event-менеджер
Juan;Juanxdgh@bk.ru;Клиент-менеджер
Julian;Julianzsrgh@mail.ru;Менеджер по закупкам
Justin;Justindgf@bk.ru;PR-Менеджер
Jacqueline;Jacquelinebsh@bk.ru;Клиент-менеджер
Jada;Jada@bk.ru;Event-менеджер
Jane;Janezgfhgs@mail.ru;Менеджер по продажам
Jasmine;Jasminegsh@nail.ru;Менеджер по закупкам
Jenna;Jennasdfg@bk.ru;Клиент-менеджер
Jennifer;JenniferL@mail.ru;Менеджер по закупкам
Jessica;Jessicazgfh@mail.ru;Event-менеджер
Jocelyn;Jocelynghs@mail.ru;PR-Менеджер
Jordan;Jordanfgh@mail.ru;Менеджер по продажам
Josephine;Josephinefgh@bk.ru;Клиент-менеджер
Joyce;Joycehhh@mail.ru;Event-менеджер
Julia;JuliaR@bk.ru;Менеджер по закупкам
Keith;Keithgh@mail.ru;Клиент-менеджер
Kevin;KevinKK@bk.ru;PR-Менеджер
Kyle;Kylefghg@mail.ru;Event-менеджер
Kaitlyn;Kaitlynbnn@bk.ru;Менеджер по закупкам
Katelyn;Katelynbnm@bk.ru;Клиент-менеджер
Katherine;Katherinefdfb@mail.ru;Менеджер по продажам
Kathryn;Kathrynvv@bk.ru;Event-менеджер
Kayla;Kaylabnnnn@mail.ru;Менеджер по закупкам
Kaylee;Kayleedgb@bk.ru;PR-Менеджер
Kimberly;Kimberlyfgd@mail.ru;Клиент-менеджер
Kylie;Kylievbbb@bk.ru;Event-менеджер
Laura;Lauravbfv@bk.ru;Менеджер по закупкам
Lauren;Laurencvfgb@mail.ru;Менеджер по продажам
Leah;Leahfdfdf@bk.ru;Клиент-менеджер
Leonora;Leonoravvb@bk.ru;Event-менеджер
Leslie;Lesliefvb@mail.ru;Менеджер по закупкам
Lillian;Lilliancvv@mail.ru;PR-Менеджер
Lily;Lilydvv@mail.ru;Менеджер по продажам
Linda;Lindazbf@mail.ru;Event-менеджер
Lorna;Lornabdb@bk.ru;Клиент-менеджер
Luccile;Luccilefvb@mail.ru;Менеджер по закупкам
Lucy;Lucydv@mail.ru;Event-менеджер
Lynn;Lynnfbvbc@mail.ru;PR-Менеджер
Landon;Landonfvb@mail.ru;Клиент-менеджер
Lawrence;Lawrencefsfg3@mail.ru;Менеджер по продажам
Leonars;Leonarsdfvv@mail.ru;Менеджер по закупкам
Lewis;Lewisbfn@bk.ru;Event-менеджер
Logan;Loganvb@bk.ru;Менеджер по продажам
Louis;LouisK@bk.ru;Event-менеджер
Lucas;Lucasvb@mail.ru;Клиент-менеджер
Luke;Lukecv@mail.ru;PR-Менеджер
Malcolm;Malcolmdv@bk.ru;Event-менеджер
Martin;MartinF@mail.ru;Менеджер по закупкам
Mason;Masonvb@bk.ru;Клиент-менеджер
Matthew;Matthewfvbnm@mail.ru;Event-менеджер
Michael;Michaelcccc@bk.ru;Клиент-менеджер
Miguel;Miguelbnmm@mail.ru;Менеджер по закупкам
Miles;Mileswww@bk.ru;PR-Менеджер
Morgan;Morgandfgbn@bk.ru;Event-менеджер
Mabel;Mabeldvb@mail.ru;Менеджер по продажам
Mackenzie;Mackenziedvb@bk.ru;Клиент-менеджер
Madeline;Madelinezdvb@bk.ru;PR-Менеджер
Madison;Madisonbbb@bk.ru;Менеджер по закупкам
Makayla;Makaylannn@mail.ru;Event-менеджер
Margaret;Margaretvbne@bk.ru;Менеджер по продажам
Maria;Mariacvcb@bk.ru;Клиент-менеджер
Marisa;Marisabgf@mail.ru;Менеджер по закупкам
Marjorie;Marjoriebgn@mail.ru;PR-Менеджер
Mary;MaryW@mail.ru;Менеджер по продажам
Maya;Mayav@bk.ru;Event-менеджер
Megan;Meganbn@bk.ru;Клиент-менеджер
Melanie;Melaniedfgh@mail.ru;Event-менеджер
Melissa;MelissaP@mail.ru;Менеджер по закупкам
Mia;Miapp@bk.ru;PR-Менеджер
Michelle;Michellefg@mail.ru;Event-менеджер
Mildred;Mildredwwr@bk.ru;Клиент-менеджер
Molly;MollyH@bk.ru;Менеджер по закупкам
Monica;Monicadgshrd@mail.ruPR-Менеджер;
Nathan;Nathandgdh@mail.ru;Event-менеджер
Nathaniel;Nathanieldvd@mail.ru;Клиент-менеджер
Neil;Neilfghgd@bk.ru;Менеджер по закупкам
Nicholas;Nicholassdfgd@mail.ru;Event-менеджер
Noah;Noahvvvv@bk.ru;PR-Менеджер
Norman;Normangsr@mail.ru;Клиент-менеджер
Nancy;Nancysfgreh@bk.ru;Event-менеджер
Natalie;Nataliesfe@mail.ru;PR-Менеджер
Nicole;Nicoleargh@mail.ru;Клиент-менеджер
Nora;Norafhujcf@bk.ru;Менеджер по закупкам
Oliver;Oliverafa@bk.ru;Event-менеджер
Oscar;Oscarsdfsg@mail.ru;Менеджер по продажам
Oswald;Oswalddfg@bk.ru;Клиент-менеджер
Owen;Owensdfgdh@mail.ru;Event-менеджер
Olivia;Oliviawwww@bk.ru;PR-Менеджер
Patrick;Patrickfgth@mail.ru;Клиент-менеджер
Peter;Petererg@mail.ru;Event-менеджер
Philip;Philipefgh@bk.ru;Менеджер по закупкам
Paige;Paigeafgh@mail.ru;PR-Менеджер
Pamela;Pamelaafgs@mail.ru;Event-менеджер
Patricia;Patriciaawd@mail.ru;Клиент-менеджер
Pauline;Paulinekkkk@bk.ru;Event-менеджер
Penelope;Penelopeerer@mail.ru;PR-Менеджер
Priscilla;Priscilladfgfg@mail.ru;Клиент-менеджер
Ralph;Ralphdsv@mail.ru;Event-менеджер
Raymond;Raymondsdg@bk.ru;Менеджер по закупкам
Reginald;Reginaldfdvv@mail.ru;Клиент-менеджер
Roger;Rogerdf@bk.ru;PR-Менеджер
Ronald;Ronaldccc@mail.ru;Event-менеджер
Ryan;Ryanxxxx@mail.ru;Клиент-менеджер
Rebecca;Rebeccarrrr@mail.ru;Event-менеджер
Riley;Rileyppp@bk.ru;Менеджер по продажам
Rita;RitaM@mail.ru;Менеджер по закупкам
Rosalind;Rosalindvvv@mail.ru;PR-Менеджер
Rose;Rosecvcv@mail.ru;Event-менеджер
Samantha;Samanthacvcv@mail.ru;Менеджер по закупкам
Sandra;Sandraoo@bk.ru;Клиент-менеджер
Sara;Saravvv@mail.ru;PR-Менеджер
Savannah;Savannahcz@bk.ru;PR-Менеджер
Savannah;Savannahppp@mail.ru;Менеджер по закупкам
Sheila;Sheilaee@mail.ru;Клиент-менеджер
Shirley;Shirleyzzz@mail.ru;Менеджер по закупкам
Sierra;Sierradpf@bk.ru;PR-Менеджер
Sofia;Sofiasasq@mail.ru;Event-менеджер
Sophia;Sophiappf@mail.ru;Клиент-менеджер
Stephanie;Stephaniepfpg@mail.ru;Менеджер по закупкам
Susan;Susanyy@mail.ru;PR-Менеджер
Sybil;Sybilpfp@bk.ru;Event-менеджер
Sydney;Sydneyg@bk.ru;Менеджер по закупкам
Sylvia;Sylviapfp@mail.ru;PR-Менеджер
Samuel;Samueldv3wr@mail.ru;Менеджер по закупкам
Sean;Seangg@bk.ru;Event-менеджер
Sebastian;Sebastianfgh@mail.ru;PR-Менеджер
Seth;Sethppf@bk.ru;Клиент-менеджер
Simon;Simonfff@mail.ru;Event-менеджер
Stanley;Stanleypfp@mail.ru;PR-Менеджер
Steven;Stevenppf@bk.ru;Менеджер по закупкам
Timothy;Timothyff@bk.ru;Клиент-менеджер
Tyler;Tylerpfper@mail.ru;PR-Менеджер
Taylor;Tayloroofd@bk.ru;Event-менеджер
Trinity;Trinitydsd@mail.ru;Менеджер по продажам
Vanessa;Vanessaseee@mail.ru;Менеджер по закупкам
Victoria;Victoriawww@mail.ru;Клиент-менеджер
Violet;Violetfefk@mail.ru;PR-Менеджер
Virginia;Virginiasss@bk.ru;Менеджер по продажам
Wallace;Wallacesdfo@bk.ru;Клиент-менеджер
Walter;Walterweg@bk.ru;Менеджер по продажам
William;Williamdfsg@bk.ru;PR-Менеджер
Wyatt;Wyattdfg@bk.ru;Менеджер по закупкам
Winifred;Winifredwdg@mail.ru;Клиент-менеджер
Xavier;Xaviersfsgh@bk.ru;Менеджер по продажам
Yvonne;Yvonnecvbn@bk.ru;PR-Менеджер
Zachary;Zacharydgd@bk.ru;Клиент-менеджер
Zoe;Zoesdfgbn@bk.ru;Менеджер по продажам
Di;Dibn@mail.ru;Менеджер по закупкам
Mike;Mikesdfd@bk.ru;PR-Менеджер
Bently;Bentlysfbd@bk.ru;Клиент-менеджер
Addelyn;Addelynvvvv@mail.ru;Менеджер по продажам
William;Williamsss@bk.ru;Менеджер по закупкам
Masonn;Masonvb@bk.ru;PR-Менеджер
Benjamin;Benjaminww@mail.ru;Менеджер по продажам
Jacob;Jacobxxx@mail.ru;Клиент-менеджер
Elijah;Elijahiii@bk.ru;Менеджер по закупкам
Harper;Harperss@bk.ru;PR-Менеджер
Mary;Maryjj@bk.ru;Клиент-менеджер
Charlie;Charliesc@bk.ru;Менеджер по закупкам
Sam;Sambggd@bk.ru;PR-Менеджер
Calvin;Calvinsdg@mail.ru;Клиент-менеджер
Marshall;Marshalldfvs@mail.ru;Менеджер по продажам
Edgar;EdgarPo@mail.ru;PR-Менеджер
Lola;Lolabvbv@bk.ru;Менеджер по закупкам
Lillian;Lilliandvvv@bk.ru;Клиент-менеджер
Stella;Stellavv@mail.ru;Менеджер по продажам
Genevieve;Genevieveoo@mail.ru;PR-Менеджер
Cora;Coradvd@mail.ru;Менеджер по закупкам
Evelyn;Evelynvsf@mail.ru;Клиент-менеджер
Lucy;Lucyfgdf@mail.ru;Менеджер по продажам
Clara;Claragvfg@mail.ru;Клиент-менеджер
Eva;Evafgf@bk.ru;PR-Менеджер
Prescott;Prescottsdgf@mail.ru;Менеджер по закупкам
Grover;Groversdfd@mail.ru;Менеджер по продажам
Oberon;Oberonsdf@mail.ru;Клиент-менеджер
Regis;Regisfbd@mail.ru;PR-Менеджер
Thelonious;Theloniousfgsdfg@bk.ru;Менеджер по закупкам
Flannery;Flannerysdfg@mail.ru;Клиент-менеджер
Alberta;Albertafgd@mail.ru;Менеджер по продажам
Sigourney;Sigourneysfg@mail.ru;Менеджер по закупкам
Talullah;Talullahfsf@bk.ru;PR-Менеджер
Antigone;Antigoneff@bk.ru;Менеджер по закупкам
Molly;Mollygg@bk.ru;Клиент-менеджер
Jan;Jandfd@bk.ru;Менеджер по продажам
Jean;Jeanvdfb@mail.ru;Менеджер по закупкам
Rudra;Rudrafvdb@mail.ru;Клиент-менеджер
Brandi;Brandisdf@mail.ru;PR-Менеджер
Ellena;Ellenaccvv@bk.ru;Менеджер по закупкам
Mitchel;Mitchelff@bk.ru;Клиент-менеджер
Layton;Laytonsfs@mail.ru;Менеджер по продажам
Katherine;Katherinedfdf@mail.ru;Менеджер по продажам
Elisha;Elishadf@mail.ru;Клиент-менеджер
Angel;Angelsdfgsf@bk.ru;Менеджер по закупкам
Bo;Bodd@bk.ru;PR-Менеджер
Ieuan;Ieuandf@mail.ru;Клиент-менеджер
Elinor;Elinordfd@mail.ru;Менеджер по закупкам
Rayan;Rayandf@bk.ru;Клиент-менеджер
Etta;Ettaxx@bk.ru;PR-Менеджер
Blanche;Blanchedfff@mail.ru;PR-Менеджер
Nabilah;Nabilahsd@bk.ru;Менеджер по закупкам
Lia;Liadd@bk.ru;Клиент-менеджер
Zoya;Zoyaqw@mail.ru;PR-Менеджер
Pranav;Pranavdd@bk.ru;PR-Менеджер
Herman;Hermandd@bk.ru;Менеджер по закупкам
Jayne;Jayneff@bk.ru;Менеджер по продажам
Faye;Fayeddd@mail.ru;Клиент-менеджер
Sanya;Sanyasss@bk.ru;Менеджер по закупкам
Kaylee;Kayleedd@mail.ru;PR-Менеджер
Darius;Dariusdd@bk.ru;Менеджер по закупкам
Dillan;Dillanfff@mail.ru;Клиент-менеджер
Roxy;Roxydd@mail.ru;PR-Менеджер
Akash;Akashddd@mail.ru;Менеджер по закупкам
Lorenzo;Lorenzodddd@bk.ru;Клиент-менеджер
Shyla;Shyladdd@bk.ru;Менеджер по продажам
Ezra;Ezradd@mail.ru;Менеджер по закупкам
Marisa;Marisadd@mail.ru;Клиент-менеджер
Qasim;Qasimddd@mail.ru;PR-Менеджер
Stanislaw;Stanislawdd@mail.ru;Менеджер по продажам
Cayden;Caydenwwe@bk.ru;Клиент-менеджер
Dominika;Dominikakfi@bk.ru;Менеджер по продажам
Toby;Tobyddv@bk.ru;Менеджер по закупкам
Kareena;Kareenaff@bk.ru;PR-Менеджер
Neive;Neivedd@mail.ru;Клиент-менеджер
Soraya;Sorayadfdf@mail.ru;Менеджер по закупкам
Russell;Russelldf@bk.ru;PR-Менеджер
Finn;Finndfd@mail.ru;Клиент-менеджер
Nikki;Nikkiddv@mail.ru;Менеджер по закупкам
Elwood;Elwoodsdsv@mail.ru;Менеджер по продажам
Saeed;Saeeddf@mail.ru;PR-Менеджер
Beau;Beausdfb@bk.ru;Клиент-менеджер
Serenity;Serenitybdg@mail.ru;Менеджер по закупкам
Paolo;Paolodv@mail.ru;Менеджер по продажам
Solomon;Solomonbgb@bk.ru;Клиент-менеджер
Aaminah;Aaminahdvbf@mail.ru;PR-Менеджер
Hallam;Hallamdfvdsv@bk.ru;Менеджер по закупкам
Cheryl;Cheryldfgdgb@mail.ru;Клиент-менеджер
Rami;Ramidfgdfh@mail.ru;PR-Менеджер
Maisey;Maiseysdvb@bk.ru;Менеджер по закупкам
Lexi;Lexidvb@bk.ru;Клиент-менеджер
Bluebell;Bluebellsdvb@mail.ru;Менеджер по продажам
Rogan;Rogansvb@bk.ru;Менеджер по закупкам
Gage;Gagedfgfg@bk.ru;PR-Менеджер
Hamza;Hamzavbnn@mail.ru;Клиент-менеджер
Jaydon;Jaydondvb@bk.ru;Менеджер по продажам
Janice;Janicedvsbf@bk.ru;Менеджер по закупкам
Malachi;Malachivbb@bk.ru;Менеджер по продажам
Muneeb;Muneebdd@bk.ru;PR-Менеджер
Bernadette;Bernadettedsf@bk.ru;Менеджер по закупкам
Mason;Masonfff@mail.ru;Клиент-менеджер
Neelam;Neelamwww@bk.ru;Менеджер по продажам
Chenai;Chenaiwww@mail.ru;Менеджер по закупкам
Zoey;Zoeydcd@bk.ru;PR-Менеджер
Joely;Joelydfdg@bk.ru;Менеджер по закупкам
Hallam;Hallamddv@mail.ru;Клиент-менеджер
Leticia;Leticiadvvv@mail.ru;Менеджер по продажам
Belinda;Belindabnnn@bk.ru;Менеджер по закупкам
Elaina;Elainafff@bk.ru;PR-Менеджер
Chandler;Chandlerwww@mail.ru;Клиент-менеджер
Halle;Halleff@bk.ru;Менеджер по закупкам
Rosalind;Rosalindff@bk.ru;Клиент-менеджер
Vladimir;Vladimirddd@mail.ru;Менеджер по продажам
Anabella;Anabelladfg@bk.ru;Клиент-менеджер
Nadine;Nadineddd@mail.ru;Менеджер по закупкам
Elyas;Elyasdd@bk.ru;PR-Менеджер
Arbaaz;Arbaazdfgh@bk.ru;Менеджер по закупкам
Dewi;Dewiff@mail.ru;Клиент-менеджер
Rayyan;Rayyandd@mail.ru;Менеджер по продажам
Annabell;Annabelldjdj@bk.ru;Клиент-менеджер
Levi;Levisdd@mail.ru;PR-Менеджер
Karishma;Karishmavdvf@mail.ru;Менеджер по закупкам
Emily;Emilydfd@mail.ru;PR-Менеджер
Harleigh;Harleighddd@mail.ru;Менеджер по закупкам
Susan;Susandf@bk.ru;Клиент-менеджер
Enya;Enyafv@bk.ru;Менеджер по продажам
Shaun;Shaundf@bk.ru;PR-Менеджер
Gregg;Greggdfd@bk.ru;Менеджер по продажам
Lilia;Liliaddgd@mail.ru;Клиент-менеджер
Aine;Ainefvk@bk.ru;Менеджер по закупкам
Nikki;Nikkifjn@mail.ru;PR-Менеджер
Kristopher;Kristopherfmm@mail.ru;Менеджер по закупкам
Jasmine;Jasmineff@mail.ru;Клиент-менеджер
Leela;Leelaff@mail.ru;PR-Менеджер
Leticia;Leticiadf@mail.ru;Клиент-менеджер
Om;Omff@,ail.ru;Клиент-менеджер
Esther;Estherfff@mail.ru;PR-Менеджер
Hector;Hectorffg@mail.ru;Менеджер по закупкам
Fionnuala;Fionnualadfg@bk.ru;Менеджер по продажам
Katharine;Katharinedf@bk.ru;Менеджер по закупкам
Tayyib;Tayyibdfg@mail.ru;PR-Менеджер
Jeffery;Jefferydvb@bk.ru;Клиент-менеджер
Colleen;Colleendnn@bk.ru;Менеджер по продажам
Zunaira;Zunairafgf@bk.ru;PR-Менеджер
Brian;Brianfgg@bk.ru;Менеджер по закупкам
Darnell;Darnellffg@mail.ru;Менеджер по продажам
Jeffery;Jefferydsfgb@mail.ru;Клиент-менеджер
Ria;Riaff@mail.ru;Менеджер по закупкам
Antonia;Antoniafgg@mail.ru;PR-Менеджер
Archie;Archiebdgd@bk.ru;Менеджер по закупкам
Jeevan;Jeevanfg@bk.ru;Клиент-менеджер
Remy;Remydghd@bk.ru;Менеджер по закупкам
Georgia;Georgiagbng@mail.ru;Менеджер по продажам
Alys;Alyssg@mail.ru;Клиент-менеджер
Ewen;Ewensg@mail.ru;PR-Менеджер
Halle;Hallerg@bk.ru;Менеджер по закупкам
Coby;Cobydfgdh@bk.ru;Клиент-менеджер
Sanya;Sanyagg@mail.ru;Менеджер по продажам
Lilia;Liliadvf@bk.ru;PR-Менеджер
Maheen;Maheenffgf@mail.ru;Менеджер по закупкам
Chanelle;Chanellefdb@mail.ru;Клиент-менеджер
Ann;Annfgdf@bk.ru;Менеджер по продажам
Patience;Patiencefddb@mail.ru;PR-Менеджер
Sneha;Snehafgs@mail.ru;Менеджер по продажам
Bethan;Bethansfgb@mail.ru;Менеджер по закупкам
Kajol;Kajolsfgsfb@bk.ru;Менеджер по продажам
Shreya;Shreyadf@bk.ru;Менеджер по продажам
Nikita;Nikitasdf@mail.ru;PR-Менеджер
Yisroel;Yisroelsgs@mail.ru;Менеджер по закупкам
Pauline;Paulinedsfb@bk.ru;Клиент-менеджер
Hamza;Hamzadghn@mail.ru;Менеджер по продажам
Luka;Lukaff@bk.ru;Менеджер по закупкам
Tom;Tomdg@mail.ru;PR-Менеджер
Bianca;Biancag@bk.ru;Клиент-менеджер
Katharine;Katharinefg@mail.ru;Менеджер по закупкам
Efan;Efansdg@mail.ru;Менеджер по продажам
Kamil;Kamilfgg@mail.ru;Клиент-менеджер
Yehuda;Yehudafggf@bk.ru;Менеджер по продажам
Danniella;Dannielladsfg@mail.PR-Менеджерru;
Ryan;Ryandvv@mail.ru;Клиент-менеджер
Kendra;Kendradd@mail.ru;Менеджер по закупкам
Sila;Silafji@bk.ru;Менеджер по закупкам
Briony;Brionyss@bk.ru;PR-Менеджер
Mayson;Maysonss@mail.ru;Клиент-менеджер
Cody;Codyfff@bk.ru;Менеджер по закупкам
Brittany;Brittanyddgk@bk.ru;Клиент-менеджер
Kristen;Kristendd@mail.ru;PR-Менеджер
Ayah;Ayahddd@bk.ru;Менеджер по закупкам
Ayse;Aysedd@mail.ru;Клиент-менеджер
Zaine;Zainedmfm@bk.ru;Менеджер по продажам
Daanish;Daanishdsf@bk.ru;Менеджер по закупкам
Maximillian;Maximilliandd@bk.ru;PR-Менеджер
Brenda;Brendaddfg@mail.ru;Клиент-менеджер
Layton;Laytonddg@mail.ru;Менеджер по закупкам
Tarun;Tarunvkn@mail.ru;Клиент-менеджер
Dillan;Dillandv@bk.ru;Менеджер по продажам
Eugene;Eugenedfff@mail.ru;Менеджер по закупкам
Joe;Joedfd@mail.ru;PR-Менеджер
Soraya;Sorayavv@mail.ru;Менеджер по продажам
Klara;Klaracvvv@bk.ru;Клиент-менеджер
Jiya;Jiyadfdv@mail.ru;PR-Менеджер
Bertha;Berthadv@mail.ru;Менеджер по закупкам
Zara;Zaradf@mail.ru;Клиент-менеджер
Allegra;Allegradfv@bk.ru;PR-Менеджер
Bethany;Bethanydfgf@mail.ru;Менеджер по закупкам
Sorcha;Sorchadv@mail.ru;Клиент-менеджер
Olivia;Oliviadbbb@mail.ru;Менеджер по продажам
Celia;Celiadjn@bk.ru;PR-Менеджер
Reya;Reyavvf@mail.ru;Менеджер по закупкам
Pia;Piaddd@bk.ru;Клиент-менеджер
Billie;Billiedfd@mail.ru;Менеджер по продажам
Jadon;Jadondd@mail.ru;PR-Менеджер
Star;Stardff@bk.ru;Менеджер по продажам
Kaylem;Kaylemdff@mail.ru;Клиент-менеджер
Jannah;Jannahdfdf@bk.ru;Менеджер по закупкам
Qasim;Qasimddd@bk.ru;Клиент-менеджер
Yasser;Yasserddd@mail.ru;Менеджер по продажам
Muneeb;Muneebdd@bk.ru;PR-Менеджер
Elizabeth;Elizabethdddd@bk.ru;PR-Менеджер
Nishat;Nishatdeq@bk.ru;Менеджер по закупкам
Pascal;Pascalss@bk.ru;Клиент-менеджер
Jarvis;Jarvisddd@bk.ru;PR-Менеджер
Cynthia;Cynthiacvvb@mail.ru;Менеджер по продажам
Adeel;Adeelvv@mail.ru;PR-Менеджер
Rueben;Ruebenddd@bk.ru;PR-Менеджер
Kiah;Kiahddd@bk.ru;Менеджер по закупкам
Antonio;Antoniofff@bk.ru;Клиент-менеджер
Eshal;Eshalswg@bk.ru;Менеджер по продажам
Jenna;Jennakuyt@bk.ru;PR-Менеджер
Rhea;Rheass@mail.ru;Клиент-менеджер
Katherine;Katherinedf@bk.ru;
Jaya;Jayaddg@bk.ru;Менеджер по закупкам
India;Indiaggh@bk.ru;PR-Менеджер
Jared;Jareddd@bk.ru;Менеджер по продажам
Sanya;Sanyasfd@bk.ru;Клиент-менеджер
Ricardo;Ricardodd@mail.ru;Менеджер по закупкам
Bethany;Bethanydfg@bk.ru;Менеджер по продажам
Yasmin;Yasmindg@mail.ru;PR-Менеджер
Mason;Masondd@bk.ru;Менеджер по закупкам
Emir;Emirdf32@mail.ru;Клиент-менеджер
Tarun;Tarunsf@bk.ru;Менеджер по закупкам
Mamie;Mamiedd@bk.ru;Клиент-менеджер
Ashlyn;Ashlyn3ff@mail.ru;Менеджер по продажам
Amaan;Amaanvv@bk.ru;PR-Менеджер
Jeevan;Jeevandd@mail.ru;Менеджер по продажам
Dario;Dariodd@mail.ru;Клиент-менеджер
Oliver;Oliverdd@mail.ru;Менеджер по закупкам
Ronny;Ronnyvv@mail.ru;Менеджер по продажам
Romilly;Romillyvvv@bk.ru;Клиент-менеджер
Mathilde;Mathildecvd@bk.ru;PR-Менеджер
Alisa;Alisafg@mail.ru;Менеджер по закупкам
Pranav;Pranavvbfb@bk.ru;PR-Менеджер
Sarah-Jane;sarahfgf@mail.ru;PR-Менеджер
Nikita;Nikitabnm@bk.ru;Менеджер по продажам
Sally;Sallydgh@bk.ru;PR-Менеджер
Neha;Nehazb@mail.ru;Клиент-менеджер
Ewen;Ewenvbb@mail.ru;Менеджер по закупкам
Fiona;Fionagfg@mail.ru;Менеджер по закупкам
Gracey;Graceydfg@bk.ru;PR-Менеджер
Glenda;Glendafvfv@mail.ru;Клиент-менеджер
Amos;Amosdfvfv@mail.ru;Менеджер по продажам
Andre;Andrezfd@bk.ru;Менеджер по продажам
Khushi;Khushiefeegfr@bk.ru;PR-Менеджер
Jeevan;Jeevane234@mail.ru;Менеджер по закупкам
Roma;Romadfgrgh@mail.ru;Клиент-менеджер
Kayan;Kayansddf@mail.ru;Менеджер по продажам
Declan;Declanefrg@bk.ru;PR-Менеджер
Imaad;Imaadght@mail.ru;Менеджер по закупкам
Raiden;Raidensdfefg@bk.ru;Клиент-менеджер
Tallulah;Tallulahfetr@bk.ru;Менеджер по продажам
Eshal;Eshalde@mail.ru;Менеджер по закупкам
Nicolas;Nicolaswdwef@mail.ru;PR-Менеджер
Ayomide;Ayomidesfef@mail.ru;Менеджер по закупкам
Rueben;Ruebensd@mail.ru;Клиент-менеджер
Marion;Marionsfdg@bk.ru;Менеджер по продажам
Leonidas;Leonidaswer@bk.ru;PR-Менеджер
Corey;Coreyf345@mail.ru;Менеджер по закупкам
Kaleb;Kalebdef@mail.ru;Менеджер по продажам
Chaya;Chayaq35@bk.ru;Клиент-менеджер
Benny;Bennysf@mail.ru;PR-Менеджер
Nabilah;Nabilahdfdf@mail.ru;Менеджер по закупкам
Jesse;Jessedf@bk.ru;PR-Менеджер
Hilary;Hilarydfrg@bk.ru;Менеджер по закупкам
Osman;Osmandfdg@mail.ru;Менеджер по продажам
Harleigh;Harleighsdfe@mail.ru;PR-Менеджер
Mila;Milasfg@mail.ru;Менеджер по закупкам
Steve;Stevedef@mail.ru;Клиент-менеджер
Arnas;Arnaswwef@bk.ru;Менеджер по продажам
Nichola;Nicholaedef@mail.ru;Менеджер по продажам
Kyla;Kylaefeg@mail.ru;PR-Менеджер
Yisroel;Yisroelsdf@mail.ru;Менеджер по закупкам
Ioana;Ioanasf3@mail.ru;Менеджер по продажам
Kyle;Kylesdf2@bk.ru;Клиент-менеджер
Khalid;Khalidefe@mail.ru;Менеджер по закупкам
Domonic;Domonicsfgrg@mail.ru;Менеджер по продажам
Abdirahman;Abdirahmanwdw@mail.ru;PR-Менеджер
Karina;Karinadfe@bk.ru;Клиент-менеджер
Justine;Justine56s@bk.ru;Менеджер по закупкам
Kourtney;Kourtneydef@mail.ru;PR-Менеджер
Sarah;Sarahsddf@mail.ru;PR-Менеджер
Miller;Millerdfd3@mail.ru;PR-Менеджер
Anita;Anitasdff@mail.ru;PR-Менеджер
Sabiha;Sabihasdsd3@mail.ru;PR-Менеджер
Elara;Elarawrt@mail.ru;PR-Менеджер
Maddox;Maddoxety@mail.ru;PR-Менеджер
Sameeha;Sameehawe2@mail.ru;Менеджер по закупкам
Walid;Walidsdf@mail.ru;Клиент-менеджер
Anne;Anne245ff@mail.ru;Менеджер по закупкам
Travis;Travissdsdf@mail.ru;Менеджер по продажам
Haya;Hayasds@mail.ru;Менеджер по продажам
Cody;Codysdsf@mail.ru;Клиент-менеджер
Brady;Bradydfd@bk.ru;Менеджер по закупкам
Alicia;Aliciasde@mail.ru;Менеджер по продажам
Roma;Romasd@mail.ru;Менеджер по закупкам
Shreya;Shreyader@mail.ru;Клиент-менеджер
Misbah;Misbahsdfe@bk.ru;Менеджер по закупкам
Kallum;Kallumdfd@mail.ru;Клиент-менеджер
Carson;Carsonsdef@mail.ru;Менеджер по продажам
Kellie;Kelliefe@bk.ru;PR-Менеджер
Matthias;Matthiasdfef@mail.ru;Менеджер по продажам
Maheen;Maheendef@mail.ru;Клиент-менеджер
Celia;Celiafdg@mail.ru;Менеджер по закупкам
Saxon;Saxonefe@mail.ru;Менеджер по продажам
Cohen;Cohenwert@bk.ru;Клиент-менеджер
Bryson;Brysonsf@bk.ru;PR-Менеджер
Hettie;Hettiertth@bkru;Менеджер по закупкам
Iestyn;Iestynerf@bk.ru;Менеджер по продажам
Jayson;Jaysonert@mail.ru;Клиент-менеджер
Kiana;Kianaeee@mail.ru;Менеджер по закупкам
Tariq;Tariqdddd@mail.ru;Менеджер по продажам
Annabella;Annabellaef@bk.ru;Клиент-менеджер
Abdi;Abdieer@mail.ru;Менеджер по закупкам
Naya;Nayadgv@mail.ru;PR-Менеджер
Adrianna;Adriannafgg@mail.ru;Менеджер по продажам
Clodagh;Clodaghdeddd@bk.ru;PR-Менеджер
Hayleigh;Hayleigheff@bk.ru;PR-Менеджер
Alfred;Alfredeee@mail.ru;PR-Менеджер
Adrianna;Adriannadfff@mail.ru;Менеджер по закупкам
Snehal;Snehadfd@mail.ru;Менеджер по продажам
Nolan;Nolaneee@bk.ru;Клиент-менеджер
Kallum;Kallumgg@bk.ru;Менеджер по продажам
Jane;Janed@mail.ru;PR-Менеджер
Maegan;Maeganhr@bk.ru;Менеджер по закупкам
Levi;Levieee@mail.ru;Менеджер по продажам
Tayyib;Tayyibee@mail.ru;Клиент-менеджер
Bethany;Bethanyrtv@bk.ru;Менеджер по закупкам
Haidar;Haidarfrrr@mail.ru;PR-Менеджер
Abdallah;Abdallaheer@mail.ru;Менеджер по продажам
Susan;Susanfffh@mail.ru;Клиент-менеджер
Ayomide;Ayomideer@mail.ru;Менеджер по продажам
Yasser;Yasserrws@bk.ru;Менеджер по продажам
Dewey;Deweyef@mail.ru;Клиент-менеджер
Doris;Dorisee@mail.ru;PR-Менеджер
Atlas;Atlasrgthty@mail.ru;Менеджер по продажам
Colleen;Colleenfr@bk.ru;Менеджер по закупкам
Rick;Rickdd@bk.ru;Менеджер по закупкам
Avneet;Avneetfef@mail.ru;Клиент-менеджер
Romilly;Romillyeee@mail.ru;Менеджер по продажам
Keelan;Keelanee@mail.ru;Клиент-менеджер
Bianca;Biancafff@mail.ru;PR-Менеджер
Ariella;Ariellarr@bk.ru;Менеджер по закупкам
Iestyn;Iestynee@mail.ru;Клиент-менеджер
Menachem;Menachemtes@mail.ru;PR-Менеджер
Addie;Addiert@bk.ru;Менеджер по закупкам
Luka;Luka12345@mail.ru;Клиент-менеджер